date,open,high,low,price,volume
2025-03-29 07:59:59.999,126.95,127.12,125.45,126.39,149985.08
2025-03-29 08:59:59.999,126.39,127.1,126.24,126.89,111294.669
2025-03-29 09:59:59.999,126.89,127.1,125.57,126.69,102122.247
2025-03-29 10:59:59.999,126.69,126.85,125.63,125.89,89496.292
2025-03-29 11:59:59.999,125.88,126.06,124.31,125.3,243058.117
2025-03-29 12:59:59.999,125.3,125.88,125.0,125.51,85425.602
2025-03-29 13:59:59.999,125.5,126.76,125.5,126.76,106904.563
2025-03-29 14:59:59.999,126.76,126.82,125.72,125.91,77540.327
2025-03-29 15:59:59.999,125.91,126.58,125.9,126.32,50915.941
2025-03-29 16:59:59.999,126.32,126.79,125.11,125.29,107466.456
2025-03-29 17:59:59.999,125.29,125.87,123.71,124.51,248684.023
2025-03-29 18:59:59.999,124.51,125.7,124.41,124.92,76027.303
2025-03-29 19:59:59.999,124.93,125.3,124.39,125.3,62803.228
2025-03-29 20:59:59.999,125.3,125.43,123.85,124.03,73063.376
2025-03-29 21:59:59.999,124.03,124.81,123.27,124.45,67356.532
2025-03-29 22:59:59.999,124.45,124.45,122.68,123.38,104337.721
2025-03-29 23:59:59.999,123.39,124.76,123.17,124.58,50730.557
2025-03-30 00:59:59.999,124.58,124.88,123.49,124.71,75422.331
2025-03-30 01:59:59.999,124.71,125.5,124.7,125.31,92786.68
2025-03-30 02:59:59.999,125.31,126.43,125.18,126.24,90409.503
2025-03-30 03:59:59.999,126.24,126.6,125.66,125.71,72653.325
2025-03-30 04:59:59.999,125.7,126.48,125.7,126.25,41212.098
2025-03-30 05:59:59.999,126.25,126.56,125.78,125.95,47007.425
2025-03-30 06:59:59.999,125.94,126.08,125.16,125.88,56340.838
2025-03-30 07:59:59.999,125.88,126.27,125.3,125.48,44040.13
2025-03-30 08:59:59.999,125.48,126.24,125.43,126.14,44408.869
2025-03-30 09:59:59.999,126.15,126.18,125.58,126.07,39781.649
2025-03-30 10:59:59.999,126.07,126.43,124.79,124.99,115044.587
2025-03-30 11:59:59.999,124.98,125.9,124.66,125.12,55718.94
2025-03-30 12:59:59.999,125.12,125.43,124.72,125.06,49794.287
2025-03-30 13:59:59.999,125.07,125.1,123.15,123.44,147825.95
2025-03-30 14:59:59.999,123.44,125.06,123.37,124.71,135491.385
2025-03-30 15:59:59.999,124.72,125.59,124.53,124.92,54104.626
2025-03-30 16:59:59.999,124.92,125.23,123.32,123.7,70244.964
2025-03-30 17:59:59.999,123.7,124.67,123.0,124.52,58672.206
2025-03-30 18:59:59.999,124.52,126.82,124.52,126.22,99143.853
2025-03-30 19:59:59.999,126.23,127.08,125.71,125.85,62532.492
2025-03-30 20:59:59.999,125.84,126.37,125.23,125.35,33526.521
2025-03-30 21:59:59.999,125.36,126.15,124.32,124.77,55765.816
2025-03-30 22:59:59.999,124.76,125.98,123.19,125.09,136737.452
2025-03-30 23:59:59.999,125.08,125.16,123.94,124.82,65109.369
2025-03-31 00:59:59.999,124.83,125.15,122.75,123.81,119358.605
2025-03-31 01:59:59.999,123.82,126.52,123.64,126.22,132015.953
2025-03-31 02:59:59.999,126.22,127.63,125.56,126.59,119493.255
2025-03-31 03:59:59.999,126.58,127.19,124.22,124.56,85887.656
2025-03-31 04:59:59.999,124.57,125.48,124.33,125.0,115996.228
2025-03-31 05:59:59.999,125.0,126.68,124.85,126.03,88502.196
2025-03-31 06:59:59.999,126.04,126.53,125.23,126.25,105904.726
2025-03-31 07:59:59.999,126.25,127.08,125.28,125.88,118369.332
2025-03-31 08:59:59.999,125.89,126.7,125.27,125.39,89684.176
2025-03-31 09:59:59.999,125.39,125.47,123.43,123.92,179902.638
2025-03-31 10:59:59.999,123.92,124.77,123.05,124.57,156695.916
2025-03-31 11:59:59.999,124.58,124.82,123.41,124.28,108589.183
2025-03-31 12:59:59.999,124.27,126.16,123.66,125.91,304711.613
2025-03-31 13:59:59.999,125.92,126.29,123.22,125.49,491358.542
2025-03-31 14:59:59.999,125.49,127.21,125.44,126.72,295377.831
2025-03-31 15:59:59.999,126.72,127.81,126.71,126.78,212166.163
2025-03-31 16:59:59.999,126.77,127.36,125.79,125.98,97517.836
2025-03-31 17:59:59.999,125.98,126.56,123.83,124.09,167769.221
2025-03-31 18:59:59.999,124.1,126.56,124.1,125.68,192097.163
2025-03-31 19:59:59.999,125.67,126.26,125.15,125.25,84841.647
2025-03-31 20:59:59.999,125.25,125.98,125.13,125.39,44628.157
2025-03-31 21:59:59.999,125.38,126.27,125.38,125.74,39795.187
2025-03-31 22:59:59.999,125.74,125.98,124.85,125.54,189953.318
2025-03-31 23:59:59.999,125.53,126.18,124.47,124.54,190012.311
2025-04-01 00:59:59.999,124.53,125.18,124.03,124.51,140352.821
2025-04-01 01:59:59.999,124.5,124.74,123.74,124.5,122144.313
2025-04-01 02:59:59.999,124.5,126.29,124.44,126.24,89191.767
2025-04-01 03:59:59.999,126.25,126.72,125.76,126.06,104838.33
2025-04-01 04:59:59.999,126.07,126.3,125.6,126.19,61377.308
2025-04-01 05:59:59.999,126.18,126.78,125.94,125.98,58548.101
2025-04-01 06:59:59.999,125.99,126.75,125.59,126.56,98782.487
2025-04-01 07:59:59.999,126.56,126.71,126.03,126.69,70578.435
2025-04-01 08:59:59.999,126.69,129.97,126.68,129.38,270383.195
2025-04-01 09:59:59.999,129.37,129.84,128.42,129.27,157974.069
2025-04-01 10:59:59.999,129.27,129.33,127.83,127.91,137647.962
2025-04-01 11:59:59.999,127.91,128.21,127.13,127.61,149622.775
2025-04-01 12:59:59.999,127.6,127.9,126.43,127.17,125797.772
2025-04-01 13:59:59.999,127.18,128.37,126.9,127.59,152129.893
2025-04-01 14:59:59.999,127.59,127.83,124.68,127.05,380766.528
2025-04-01 15:59:59.999,127.05,130.55,126.76,129.27,666792.891
2025-04-01 16:59:59.999,129.27,129.64,128.14,128.25,163899.8
2025-04-01 17:59:59.999,128.24,128.44,127.04,127.29,109415.546
2025-04-01 18:59:59.999,127.29,127.31,125.52,126.49,136051.244
2025-04-01 19:59:59.999,126.49,127.12,126.45,126.82,82315.246
2025-04-01 20:59:59.999,126.82,126.83,125.3,126.43,102923.66
2025-04-01 21:59:59.999,126.43,126.79,126.13,126.33,50098.365
2025-04-01 22:59:59.999,126.33,127.24,125.92,126.77,61241.851
2025-04-01 23:59:59.999,126.77,127.53,126.14,126.67,61403.489
2025-04-02 00:59:59.999,126.68,126.96,126.03,126.22,69975.919
2025-04-02 01:59:59.999,126.22,126.24,125.4,125.69,87965.843
2025-04-02 02:59:59.999,125.7,125.78,124.1,124.76,130357.132
2025-04-02 03:59:59.999,124.76,125.36,124.22,124.32,72077.707
2025-04-02 04:59:59.999,124.32,125.03,124.21,124.89,58368.068
2025-04-02 05:59:59.999,124.9,124.9,123.5,123.75,106911.44
2025-04-02 06:59:59.999,123.75,124.6,123.7,124.04,67695.221
2025-04-02 07:59:59.999,124.04,124.84,123.93,124.55,82913.158
2025-04-02 08:59:59.999,124.54,125.84,124.28,125.45,112879.11
2025-04-02 09:59:59.999,125.45,126.73,125.32,126.04,114013.734
2025-04-02 10:59:59.999,126.04,126.49,125.46,125.73,61322.489
2025-04-02 11:59:59.999,125.74,126.32,125.64,125.69,55705.863
2025-04-02 12:59:59.999,125.7,126.8,125.12,126.6,115372.655
2025-04-02 13:59:59.999,126.61,127.93,125.16,126.22,161787.931
2025-04-02 14:59:59.999,126.21,128.13,126.14,127.71,162794.254
2025-04-02 15:59:59.999,127.71,131.16,127.61,130.43,1019261.558
2025-04-02 16:59:59.999,130.43,131.79,129.77,131.15,347956.192
2025-04-02 17:59:59.999,131.15,131.52,129.27,129.67,301344.595
2025-04-02 18:59:59.999,129.66,130.31,129.17,130.0,94479.493
2025-04-02 19:59:59.999,130.01,131.5,130.01,131.43,86881.916
2025-04-02 20:59:59.999,131.42,136.21,126.79,128.03,1217439.208
2025-04-02 21:59:59.999,128.03,128.28,124.61,125.37,320140.134
2025-04-02 22:59:59.999,125.36,125.36,118.2,118.68,816305.176
2025-04-02 23:59:59.999,118.67,119.54,117.0,117.42,624959.884
2025-04-03 00:59:59.999,117.42,120.16,116.25,119.98,507610.851
2025-04-03 01:59:59.999,119.98,120.41,118.47,119.4,463409.951
2025-04-03 02:59:59.999,119.4,120.84,119.03,120.8,197306.518
2025-04-03 03:59:59.999,120.79,120.94,119.68,119.8,213737.524
2025-04-03 04:59:59.999,119.81,120.86,119.42,120.3,157006.136
2025-04-03 05:59:59.999,120.3,120.63,118.71,118.94,158021.287
2025-04-03 06:59:59.999,118.94,119.31,117.9,118.27,301705.439
2025-04-03 07:59:59.999,118.27,118.95,117.9,118.64,223067.169
2025-04-03 08:59:59.999,118.64,119.22,118.04,118.9,182374.56
2025-04-03 09:59:59.999,118.91,119.08,117.7,117.91,124032.43
2025-04-03 10:59:59.999,117.91,118.38,115.4,115.96,457279.877
2025-04-03 11:59:59.999,115.96,116.57,115.11,115.74,207930.085
2025-04-03 12:59:59.999,115.74,116.04,112.59,113.11,483080.193
2025-04-03 13:59:59.999,113.12,115.56,112.84,114.81,388978.372
2025-04-03 14:59:59.999,114.8,114.87,112.24,112.61,336281.863
2025-04-03 15:59:59.999,112.61,114.47,112.55,114.16,206482.525
2025-04-03 16:59:59.999,114.17,114.82,113.43,113.68,170189.168
2025-04-03 17:59:59.999,113.68,114.8,113.26,114.22,124265.603
2025-04-03 18:59:59.999,114.22,116.0,113.78,115.1,485766.262
2025-04-03 19:59:59.999,115.11,115.77,114.88,115.42,101925.517
2025-04-03 20:59:59.999,115.43,116.56,115.08,116.25,113288.927
2025-04-03 21:59:59.999,116.26,117.4,116.01,117.18,80094.459
2025-04-03 22:59:59.999,117.18,117.37,116.5,117.01,94475.34
2025-04-03 23:59:59.999,117.0,117.45,116.05,117.17,76557.222
2025-04-04 00:59:59.999,117.17,117.5,115.92,116.0,153688.816
2025-04-04 01:59:59.999,116.0,116.38,114.63,114.92,114189.776
2025-04-04 02:59:59.999,114.93,116.44,114.92,115.55,149917.545
2025-04-04 03:59:59.999,115.55,115.76,114.9,115.4,78573.475
2025-04-04 04:59:59.999,115.41,115.45,114.73,115.03,62114.078
2025-04-04 05:59:59.999,115.04,116.61,114.76,116.55,200773.314
2025-04-04 06:59:59.999,116.55,116.91,116.06,116.08,218021.394
2025-04-04 07:59:59.999,116.08,118.35,116.02,118.18,203461.932
2025-04-04 08:59:59.999,118.17,119.15,118.13,118.92,238095.449
2025-04-04 09:59:59.999,118.91,119.94,118.55,119.62,115734.087
2025-04-04 10:59:59.999,119.62,119.76,114.87,115.03,390686.147
2025-04-04 11:59:59.999,115.04,115.5,113.25,114.54,270305.227
2025-04-04 12:59:59.999,114.53,116.48,113.96,115.63,357672.181
2025-04-04 13:59:59.999,115.64,116.69,114.1,116.41,278666.565
2025-04-04 14:59:59.999,116.4,117.82,115.31,117.45,356574.799
2025-04-04 15:59:59.999,117.44,120.99,117.42,118.6,701943.782
2025-04-04 16:59:59.999,118.6,122.87,118.23,121.8,480769.405
2025-04-04 17:59:59.999,121.79,123.98,119.64,123.11,552106.065
2025-04-04 18:59:59.999,123.1,123.24,121.42,121.75,227264.341
2025-04-04 19:59:59.999,121.75,123.04,121.37,122.61,140459.41
2025-04-04 20:59:59.999,122.61,123.89,121.78,123.39,160954.541
2025-04-04 21:59:59.999,123.4,124.0,122.9,123.12,114070.889
2025-04-04 22:59:59.999,123.13,123.87,122.84,123.33,65781.561
2025-04-04 23:59:59.999,123.32,123.39,122.06,122.79,89247.541
2025-04-05 00:59:59.999,122.8,122.85,121.84,122.24,81413.5
2025-04-05 01:59:59.999,122.24,122.83,121.65,121.84,63379.503
2025-04-05 02:59:59.999,121.85,121.99,120.71,121.02,130330.884
2025-04-05 03:59:59.999,121.02,121.27,120.66,120.73,52721.472
2025-04-05 04:59:59.999,120.72,121.32,120.37,120.63,68119.068
2025-04-05 05:59:59.999,120.63,121.07,120.38,120.67,41982.777
2025-04-05 06:59:59.999,120.67,121.12,120.18,120.66,57218.04
2025-04-05 07:59:59.999,120.65,121.25,120.19,121.07,48316.622
2025-04-05 08:59:59.999,121.07,121.46,120.69,121.17,54967.315
2025-04-05 09:59:59.999,121.17,121.96,121.15,121.83,53688.684
2025-04-05 10:59:59.999,121.84,121.94,120.76,120.91,54947.624
2025-04-05 11:59:59.999,120.91,121.06,119.86,120.28,105476.664
2025-04-05 12:59:59.999,120.29,120.33,118.84,119.17,98852.112
2025-04-05 13:59:59.999,119.17,119.3,117.54,117.86,120992.461
2025-04-05 14:59:59.999,117.85,118.45,117.2,118.12,163426.122
2025-04-05 15:59:59.999,118.12,118.14,117.15,117.55,84248.204
2025-04-05 16:59:59.999,117.55,118.24,117.52,117.84,68187.35
2025-04-05 17:59:59.999,117.84,118.52,117.63,117.95,57493.889
2025-04-05 18:59:59.999,117.95,119.02,117.85,118.96,39218.081
2025-04-05 19:59:59.999,118.96,119.35,118.39,118.63,69442.773
2025-04-05 20:59:59.999,118.63,119.39,118.41,119.27,69999.954
2025-04-05 21:59:59.999,119.27,119.46,118.7,118.94,69486.179
2025-04-05 22:59:59.999,118.93,119.58,118.86,119.24,46840.341
2025-04-05 23:59:59.999,119.24,120.56,119.18,120.32,83631.681
2025-04-06 00:59:59.999,120.33,120.62,119.79,120.36,64675.607
2025-04-06 01:59:59.999,120.37,121.13,120.11,120.45,48209.844
2025-04-06 02:59:59.999,120.45,120.85,119.77,120.05,47622.359
2025-04-06 03:59:59.999,120.05,120.38,119.43,119.98,56722.944
2025-04-06 04:59:59.999,119.99,120.09,119.43,119.83,53368.844
2025-04-06 05:59:59.999,119.84,120.47,119.65,120.29,42328.212
2025-04-06 06:59:59.999,120.3,120.6,119.32,119.37,46254.451
2025-04-06 07:59:59.999,119.38,119.52,118.82,119.21,72019.345
2025-04-06 08:59:59.999,119.2,119.64,118.5,119.54,68456.177
2025-04-06 09:59:59.999,119.55,120.18,119.27,119.74,52783.773
2025-04-06 10:59:59.999,119.73,119.75,118.7,119.17,42244.664
2025-04-06 11:59:59.999,119.17,119.17,118.18,118.62,50580.594
2025-04-06 12:59:59.999,118.61,118.86,116.2,116.46,118925.036
2025-04-06 13:59:59.999,116.45,116.45,114.31,114.7,284976.212
2025-04-06 14:59:59.999,114.69,115.79,114.3,115.68,246068.631
2025-04-06 15:59:59.999,115.67,115.88,114.82,114.97,105255.751
2025-04-06 16:59:59.999,114.96,115.26,113.71,114.04,181257.33
2025-04-06 17:59:59.999,114.03,114.38,110.58,111.43,470084.441
2025-04-06 18:59:59.999,111.43,111.47,107.25,107.69,852446.144
2025-04-06 19:59:59.999,107.69,108.6,106.28,108.07,488409.93
2025-04-06 20:59:59.999,108.08,108.55,105.52,106.53,424694.85
2025-04-06 21:59:59.999,106.54,107.8,106.26,106.94,202705.47
2025-04-06 22:59:59.999,106.94,108.29,105.77,105.99,408635.021
2025-04-06 23:59:59.999,105.98,106.53,103.81,105.91,505621.355
2025-04-07 00:59:59.999,105.9,106.26,103.28,104.79,432297.213
2025-04-07 01:59:59.999,104.8,107.82,104.8,107.45,369040.758
2025-04-07 02:59:59.999,107.45,107.64,105.38,105.94,249579.025
2025-04-07 03:59:59.999,105.93,106.14,102.22,103.27,413988.205
2025-04-07 04:59:59.999,103.27,103.77,101.64,102.59,402509.388
2025-04-07 05:59:59.999,102.6,103.12,101.12,101.94,308244.753
2025-04-07 06:59:59.999,101.93,102.69,95.26,97.18,1315050.901
2025-04-07 07:59:59.999,97.17,98.88,97.08,97.14,654957.454
2025-04-07 08:59:59.999,97.14,101.6,96.93,100.49,699861.653
2025-04-07 09:59:59.999,100.48,101.78,99.08,100.35,368723.864
2025-04-07 10:59:59.999,100.34,102.64,100.28,100.34,418861.135
2025-04-07 11:59:59.999,100.35,101.16,99.14,100.29,276299.592
2025-04-07 12:59:59.999,100.3,103.19,99.74,102.96,488987.982
2025-04-07 13:59:59.999,102.96,107.22,100.73,106.6,1043331.742
2025-04-07 14:59:59.999,106.59,113.0,104.55,107.5,2509357.516
2025-04-07 15:59:59.999,107.49,108.0,103.71,106.65,854666.873
2025-04-07 16:59:59.999,106.65,106.77,103.56,103.85,363710.079
2025-04-07 17:59:59.999,103.86,107.98,103.84,107.6,387410.57
2025-04-07 18:59:59.999,107.61,107.68,105.85,105.96,299365.001
2025-04-07 19:59:59.999,105.96,106.98,105.24,105.75,203962.016
2025-04-07 20:59:59.999,105.75,107.98,105.74,107.38,118676.997
2025-04-07 21:59:59.999,107.38,108.67,106.59,107.94,128784.477
2025-04-07 22:59:59.999,107.94,109.3,107.6,108.6,158442.951
2025-04-07 23:59:59.999,108.6,108.72,106.69,106.99,164554.848
2025-04-08 00:59:59.999,106.98,107.75,106.65,107.04,148039.346
2025-04-08 01:59:59.999,107.04,111.37,106.69,111.03,277763.43
2025-04-08 02:59:59.999,111.03,112.58,110.69,111.29,329376.768
2025-04-08 03:59:59.999,111.29,111.77,110.45,111.31,147560.161
2025-04-08 04:59:59.999,111.3,112.16,111.08,111.7,159616.198
2025-04-08 05:59:59.999,111.69,111.88,110.17,110.51,138470.324
2025-04-08 06:59:59.999,110.51,110.51,108.58,108.67,187211.06
2025-04-08 07:59:59.999,108.66,109.15,107.97,108.7,142109.29
2025-04-08 08:59:59.999,108.69,108.77,107.15,108.13,175486.754
2025-04-08 09:59:59.999,108.13,108.96,107.86,108.45,132817.113
2025-04-08 10:59:59.999,108.44,109.66,108.26,108.84,109791.37
2025-04-08 11:59:59.999,108.84,111.82,108.67,111.56,231016.227
2025-04-08 12:59:59.999,111.56,111.94,109.43,109.99,214803.695
2025-04-08 13:59:59.999,109.98,112.2,109.53,110.2,566491.198
2025-04-08 14:59:59.999,110.19,111.22,107.64,107.85,380107.717
2025-04-08 15:59:59.999,107.86,108.56,106.68,107.2,358691.084
2025-04-08 16:59:59.999,107.19,107.29,103.64,104.31,425260.49
2025-04-08 17:59:59.999,104.31,105.84,102.96,105.15,449166.263
2025-04-08 18:59:59.999,105.16,106.95,104.57,105.74,285147.137
2025-04-08 19:59:59.999,105.75,106.1,103.42,104.06,260110.469
2025-04-08 20:59:59.999,104.06,106.19,103.67,106.01,244584.269
2025-04-08 21:59:59.999,106.02,106.36,105.3,105.88,146921.021
2025-04-08 22:59:59.999,105.87,106.48,104.54,105.48,162070.993
2025-04-08 23:59:59.999,105.48,105.85,104.46,105.4,166517.405
2025-04-09 00:59:59.999,105.4,106.6,104.24,104.73,329562.119
2025-04-09 01:59:59.999,104.73,105.04,101.26,104.25,556842.596
2025-04-09 02:59:59.999,104.26,105.74,103.46,103.58,216137.762
2025-04-09 03:59:59.999,103.59,103.92,102.67,103.15,179089.291
2025-04-09 04:59:59.999,103.14,106.07,103.04,105.14,377316.807
2025-04-09 05:59:59.999,105.14,106.04,104.96,105.34,122888.782
2025-04-09 06:59:59.999,105.35,106.79,105.29,105.72,254669.296
2025-04-09 07:59:59.999,105.72,107.85,105.64,107.37,337865.007
2025-04-09 08:59:59.999,107.37,108.26,106.61,107.32,221074.299
2025-04-09 09:59:59.999,107.32,107.58,106.13,106.61,189617.256
2025-04-09 10:59:59.999,106.61,107.34,106.04,106.87,199297.93
2025-04-09 11:59:59.999,106.87,106.87,102.75,103.43,513052.244
2025-04-09 12:59:59.999,103.42,104.94,102.31,104.47,266041.236
2025-04-09 13:59:59.999,104.47,107.07,103.89,106.03,414765.414
2025-04-09 14:59:59.999,106.02,107.43,105.54,105.84,303091.761
2025-04-09 15:59:59.999,105.85,107.1,105.84,106.54,160978.661
2025-04-09 16:59:59.999,106.54,108.37,106.22,108.29,248764.616
2025-04-09 17:59:59.999,108.29,119.8,107.26,119.37,2283809.489
2025-04-09 18:59:59.999,119.38,121.0,117.45,117.65,1015225.459
2025-04-09 19:59:59.999,117.65,119.67,117.64,118.95,285042.851
2025-04-09 20:59:59.999,118.95,120.26,118.66,120.1,181058.425
2025-04-09 21:59:59.999,120.1,120.5,118.07,119.57,298048.724
2025-04-09 22:59:59.999,119.56,120.41,118.99,119.22,204524.727
2025-04-09 23:59:59.999,119.23,119.49,118.43,119.05,175821.387
2025-04-10 00:59:59.999,119.05,119.3,116.81,117.58,215250.289
2025-04-10 01:59:59.999,117.57,118.0,116.59,117.01,173759.912
2025-04-10 02:59:59.999,117.0,117.57,116.74,116.96,119615.231
2025-04-10 03:59:59.999,116.97,117.02,114.5,115.49,224394.091
2025-04-10 04:59:59.999,115.5,115.87,114.66,115.71,223448.968
2025-04-10 05:59:59.999,115.7,116.55,115.37,116.14,125698.189
2025-04-10 06:59:59.999,116.14,116.99,115.93,116.07,500154.496
2025-04-10 07:59:59.999,116.07,116.64,114.05,114.78,254586.389
2025-04-10 08:59:59.999,114.79,115.18,114.11,114.61,151315.114
2025-04-10 09:59:59.999,114.61,115.24,114.24,114.86,134441.459
2025-04-10 10:59:59.999,114.87,114.88,113.77,114.44,126946.818
2025-04-10 11:59:59.999,114.45,114.59,113.39,113.95,143567.347
2025-04-10 12:59:59.999,113.94,115.76,112.86,113.38,484395.527
2025-04-10 13:59:59.999,113.38,113.84,111.9,112.77,415582.514
2025-04-10 14:59:59.999,112.77,114.58,112.43,112.9,283164.9
2025-04-10 15:59:59.999,112.89,113.15,109.39,109.6,548476.55
2025-04-10 16:59:59.999,109.6,110.32,108.5,109.41,365387.468
2025-04-10 17:59:59.999,109.41,110.65,108.21,110.46,331958.939
2025-04-10 18:59:59.999,110.45,111.48,110.15,111.38,212874.045
2025-04-10 19:59:59.999,111.38,111.9,110.79,111.34,138348.425
2025-04-10 20:59:59.999,111.34,112.88,111.27,112.84,117693.17
2025-04-10 21:59:59.999,112.83,112.89,111.93,112.35,80499.336
2025-04-10 22:59:59.999,112.35,113.4,112.11,112.66,116104.237
2025-04-10 23:59:59.999,112.66,113.06,112.31,112.81,78661.215
2025-04-11 00:59:59.999,112.8,113.42,112.16,112.25,117964.915
2025-04-11 01:59:59.999,112.26,114.24,112.19,114.2,139577.125
2025-04-11 02:59:59.999,114.19,115.55,113.7,114.39,127145.492
2025-04-11 03:59:59.999,114.39,115.78,114.38,115.41,135736.91
2025-04-11 04:59:59.999,115.42,116.32,115.16,115.49,79999.598
2025-04-11 05:59:59.999,115.49,116.14,115.0,116.05,77256.179
2025-04-11 06:59:59.999,116.05,117.76,116.05,116.96,150318.481
2025-04-11 07:59:59.999,116.97,117.04,116.18,116.59,81110.996
2025-04-11 08:59:59.999,116.6,117.92,115.87,117.57,313521.637
2025-04-11 09:59:59.999,117.57,118.56,116.95,118.23,180449.353
2025-04-11 10:59:59.999,118.22,119.13,117.65,118.7,241995.984
2025-04-11 11:59:59.999,118.7,119.4,117.69,118.02,209847.267
2025-04-11 12:59:59.999,118.03,119.11,117.58,117.9,194329.715
2025-04-11 13:59:59.999,117.89,121.57,117.66,120.58,509638.863
2025-04-11 14:59:59.999,120.57,121.01,118.56,119.7,383693.7
2025-04-11 15:59:59.999,119.71,120.3,118.56,119.91,266584.163
2025-04-11 16:59:59.999,119.91,120.58,118.66,119.96,168692.178
2025-04-11 17:59:59.999,119.96,122.0,119.83,121.41,274472.783
2025-04-11 18:59:59.999,121.42,121.79,119.83,119.93,186466.12
2025-04-11 19:59:59.999,119.93,120.93,119.92,120.87,110926.013
2025-04-11 20:59:59.999,120.87,121.98,120.6,121.6,103773.856
2025-04-11 21:59:59.999,121.61,122.65,120.95,121.15,126016.17
2025-04-11 22:59:59.999,121.16,121.42,120.72,121.18,60842.532
2025-04-11 23:59:59.999,121.18,121.91,119.99,121.41,103706.859
2025-04-12 00:59:59.999,121.41,122.23,120.84,121.19,151011.658
2025-04-12 01:59:59.999,121.19,121.81,120.62,121.21,81174.498
2025-04-12 02:59:59.999,121.2,121.5,119.41,119.64,120540.996
2025-04-12 03:59:59.999,119.64,120.5,119.57,120.18,87405.928
2025-04-12 04:59:59.999,120.18,123.9,119.82,122.69,307792.515
2025-04-12 05:59:59.999,122.69,122.93,122.09,122.39,122349.165
2025-04-12 06:59:59.999,122.39,123.6,122.39,122.9,146469.736
2025-04-12 07:59:59.999,122.9,124.57,122.75,124.26,260104.569
2025-04-12 08:59:59.999,124.26,125.52,124.01,124.34,207242.372
2025-04-12 09:59:59.999,124.33,124.87,124.04,124.65,76926.939
2025-04-12 10:59:59.999,124.64,124.93,124.03,124.39,106438.329
2025-04-12 11:59:59.999,124.39,125.33,124.39,124.6,76687.11
2025-04-12 12:59:59.999,124.6,126.61,124.39,126.38,205016.982
2025-04-12 13:59:59.999,126.39,128.93,126.11,128.59,321507.031
2025-04-12 14:59:59.999,128.59,131.61,128.22,130.62,542580.478
2025-04-12 15:59:59.999,130.62,131.77,129.75,130.47,344217.826
2025-04-12 16:59:59.999,130.47,131.39,129.16,129.69,286567.623
2025-04-12 17:59:59.999,129.68,129.92,128.2,129.06,192712.591
2025-04-12 18:59:59.999,129.05,131.08,129.01,130.92,106118.921
2025-04-12 19:59:59.999,130.92,131.55,129.77,130.71,164332.165
2025-04-12 20:59:59.999,130.72,134.11,130.6,132.77,240881.839
2025-04-12 21:59:59.999,132.78,133.05,131.0,132.72,205942.858
2025-04-12 22:59:59.999,132.71,133.94,131.94,132.06,150740.575
2025-04-12 23:59:59.999,132.06,132.65,131.62,132.24,115503.151
2025-04-13 00:59:59.999,132.24,133.71,131.68,133.0,144886.092
2025-04-13 01:59:59.999,133.01,133.96,131.01,131.36,190316.149
2025-04-13 02:59:59.999,131.36,133.26,130.87,132.9,173998.138
2025-04-13 03:59:59.999,132.89,133.23,131.62,131.81,117315.493
2025-04-13 04:59:59.999,131.81,132.03,129.7,130.23,171236.955
2025-04-13 05:59:59.999,130.22,130.63,129.55,129.96,143892.65
2025-04-13 06:59:59.999,129.96,130.27,128.92,128.98,134108.392
2025-04-13 07:59:59.999,128.98,129.76,128.17,128.55,142983.796
2025-04-13 08:59:59.999,128.55,130.02,128.2,129.98,185249.96
2025-04-13 09:59:59.999,129.98,131.61,129.52,131.51,159953.159
2025-04-13 10:59:59.999,131.5,131.53,130.17,130.82,119875.728
2025-04-13 11:59:59.999,130.83,130.89,128.84,129.82,136020.74
2025-04-13 12:59:59.999,129.82,130.43,129.27,129.79,95376.818
2025-04-13 13:59:59.999,129.79,130.15,126.78,127.64,242969.758
2025-04-13 14:59:59.999,127.64,129.24,127.31,128.6,183656.046
2025-04-13 15:59:59.999,128.61,128.92,127.57,128.72,166007.612
2025-04-13 16:59:59.999,128.71,130.01,128.66,129.6,128797.074
2025-04-13 17:59:59.999,129.61,132.56,129.46,131.62,252416.905
2025-04-13 18:59:59.999,131.62,132.29,131.14,131.4,113199.157
2025-04-13 19:59:59.999,131.41,131.49,127.05,128.21,268577.413
2025-04-13 20:59:59.999,128.22,129.85,126.09,126.73,248495.771
2025-04-13 21:59:59.999,126.72,127.58,125.32,127.39,186084.155
2025-04-13 22:59:59.999,127.4,127.85,126.77,127.15,102394.048
2025-04-13 23:59:59.999,127.16,130.0,126.8,128.38,246558.594
2025-04-14 00:59:59.999,128.38,131.74,127.98,130.32,247985.62
2025-04-14 01:59:59.999,130.33,131.67,129.86,130.63,131605.361
2025-04-14 02:59:59.999,130.63,136.13,130.1,133.43,409655.843
2025-04-14 03:59:59.999,133.42,133.63,131.2,131.73,180104.538
2025-04-14 04:59:59.999,131.74,134.34,131.68,133.64,152339.67
2025-04-14 05:59:59.999,133.65,134.22,132.18,132.92,132061.623
2025-04-14 06:59:59.999,132.91,132.96,131.72,132.16,83467.082
2025-04-14 07:59:59.999,132.15,132.87,131.1,132.3,128063.538
2025-04-14 08:59:59.999,132.31,133.68,131.83,133.11,145638.379
2025-04-14 09:59:59.999,133.1,133.94,131.5,131.96,131365.462
2025-04-14 10:59:59.999,131.96,134.17,131.91,133.76,157685.864
2025-04-14 11:59:59.999,133.77,133.89,132.59,133.5,108192.601
2025-04-14 12:59:59.999,133.5,134.34,132.44,133.97,127418.904
2025-04-14 13:59:59.999,133.98,134.79,131.2,131.58,353993.168
2025-04-14 14:59:59.999,131.59,134.79,131.16,133.35,283171.434
2025-04-14 15:59:59.999,133.34,133.44,128.12,128.8,416355.891
2025-04-14 16:59:59.999,128.8,130.1,128.08,129.18,221400.956
2025-04-14 17:59:59.999,129.17,130.85,128.98,130.18,153585.758
2025-04-14 18:59:59.999,130.17,130.86,129.44,130.36,98900.141
2025-04-14 19:59:59.999,130.35,131.99,130.31,131.08,145606.819
2025-04-14 20:59:59.999,131.09,131.19,129.46,130.22,92587.529
2025-04-14 21:59:59.999,130.22,130.25,128.65,129.56,85439.282
2025-04-14 22:59:59.999,129.56,129.79,128.85,129.67,69009.979
2025-04-14 23:59:59.999,129.67,130.29,129.2,129.42,94616.008
2025-04-15 00:59:59.999,129.41,129.5,127.71,129.2,153633.298
2025-04-15 01:59:59.999,129.19,130.5,127.83,130.34,126313.469
2025-04-15 02:59:59.999,130.34,130.52,128.28,129.51,123855.373
2025-04-15 03:59:59.999,129.51,130.75,129.26,130.54,114048.724
2025-04-15 04:59:59.999,130.54,130.95,129.68,130.86,104423.855
2025-04-15 05:59:59.999,130.86,132.3,130.83,131.28,146812.516
2025-04-15 06:59:59.999,131.28,131.67,130.72,131.06,83226.294
2025-04-15 07:59:59.999,131.07,131.98,131.07,131.55,62094.244
2025-04-15 08:59:59.999,131.55,132.27,131.34,131.72,118456.127
2025-04-15 09:59:59.999,131.72,133.54,131.51,133.54,145411.039
2025-04-15 10:59:59.999,133.53,133.92,131.67,132.35,150716.08
2025-04-15 11:59:59.999,132.36,132.66,131.62,132.15,100464.94
2025-04-15 12:59:59.999,132.14,133.06,131.22,132.58,105610.685
2025-04-15 13:59:59.999,132.57,134.45,131.94,132.08,269632.938
2025-04-15 14:59:59.999,132.09,132.8,129.82,130.7,330533.841
2025-04-15 15:59:59.999,130.7,131.67,129.07,129.61,224266.865
2025-04-15 16:59:59.999,129.62,130.6,129.3,129.7,117761.788
2025-04-15 17:59:59.999,129.7,129.98,127.93,128.24,155912.805
2025-04-15 18:59:59.999,128.23,128.61,127.31,128.16,148370.084
2025-04-15 19:59:59.999,128.15,128.71,127.41,127.88,116749.884
2025-04-15 20:59:59.999,127.89,128.35,126.77,127.73,133775.96
2025-04-15 21:59:59.999,127.74,128.59,127.45,128.12,131675.43
2025-04-15 22:59:59.999,128.11,128.11,125.82,126.51,130954.99
2025-04-15 23:59:59.999,126.51,127.15,126.03,126.11,136781.268
2025-04-16 00:59:59.999,126.1,127.35,125.05,125.21,184294.113
2025-04-16 01:59:59.999,125.2,126.52,124.8,126.21,140424.041
2025-04-16 02:59:59.999,126.21,127.1,125.82,127.0,128925.054
2025-04-16 03:59:59.999,127.0,127.29,126.22,126.44,79908.048
2025-04-16 04:59:59.999,126.45,126.68,125.18,125.93,78228.275
2025-04-16 05:59:59.999,125.93,126.61,124.37,125.4,146618.211
2025-04-16 06:59:59.999,125.39,126.44,125.12,126.1,79450.009
2025-04-16 07:59:59.999,126.1,126.36,124.57,124.78,110409.829
2025-04-16 08:59:59.999,124.78,125.67,123.49,125.13,225721.347
2025-04-16 09:59:59.999,125.13,125.68,124.33,124.35,141820.178
2025-04-16 10:59:59.999,124.35,125.96,124.23,125.89,95188.744
2025-04-16 11:59:59.999,125.89,126.68,124.92,126.27,140661.657
2025-04-16 12:59:59.999,126.26,126.54,125.18,125.24,131946.749
2025-04-16 13:59:59.999,125.25,126.16,124.46,124.65,276304.411
2025-04-16 14:59:59.999,124.65,128.15,124.62,127.83,317903.742
2025-04-16 15:59:59.999,127.83,129.6,127.75,128.39,477169.668
2025-04-16 16:59:59.999,128.4,129.33,126.94,128.82,212635.742
2025-04-16 17:59:59.999,128.82,130.93,124.86,125.15,523473.679
2025-04-16 18:59:59.999,125.16,128.84,125.09,128.61,473106.538
2025-04-16 19:59:59.999,128.6,133.91,128.56,132.45,638514.481
2025-04-16 20:59:59.999,132.45,133.71,131.47,131.65,298973.803
2025-04-16 21:59:59.999,131.66,133.44,131.54,132.97,205929.237
2025-04-16 22:59:59.999,132.98,133.13,131.98,132.12,80486.927
2025-04-16 23:59:59.999,132.12,132.31,130.78,131.33,132674.511
2025-04-17 00:59:59.999,131.33,131.72,130.75,131.72,187940.43
2025-04-17 01:59:59.999,131.71,132.67,131.22,132.1,98746.659
2025-04-17 02:59:59.999,132.1,132.2,130.37,131.36,144148.185
2025-04-17 03:59:59.999,131.35,131.77,129.5,129.79,112502.275
2025-04-17 04:59:59.999,129.79,131.12,129.62,131.12,93735.562
2025-04-17 05:59:59.999,131.11,133.5,131.03,133.13,195232.79
2025-04-17 06:59:59.999,133.13,135.31,132.62,134.49,291553.636
2025-04-17 07:59:59.999,134.5,135.59,133.86,134.26,189197.742
2025-04-17 08:59:59.999,134.25,135.0,133.1,133.34,135896.082
2025-04-17 09:59:59.999,133.35,134.11,132.78,133.52,190845.773
2025-04-17 10:59:59.999,133.52,133.7,132.72,133.11,82008.178
2025-04-17 11:59:59.999,133.12,133.69,132.43,133.12,113824.041
2025-04-17 12:59:59.999,133.12,134.5,132.94,134.08,146784.587
2025-04-17 13:59:59.999,134.08,134.08,132.6,132.91,211322.927
2025-04-17 14:59:59.999,132.92,132.96,130.55,131.44,317148.947
2025-04-17 15:59:59.999,131.43,133.87,131.37,133.45,176172.843
2025-04-17 16:59:59.999,133.45,135.19,132.72,134.59,244442.054
2025-04-17 17:59:59.999,134.58,135.94,134.25,135.4,178048.489
2025-04-17 18:59:59.999,135.4,136.2,134.26,134.26,150304.881
2025-04-17 19:59:59.999,134.25,134.83,132.0,132.91,230345.153
2025-04-17 20:59:59.999,132.91,135.29,132.91,134.91,124168.189
2025-04-17 21:59:59.999,134.91,135.06,133.83,134.53,67765.908
2025-04-17 22:59:59.999,134.53,134.81,133.43,133.47,68773.626
2025-04-17 23:59:59.999,133.48,134.98,133.48,134.83,66550.761
2025-04-18 00:59:59.999,134.84,135.08,133.78,134.24,100642.26
2025-04-18 01:59:59.999,134.23,135.76,133.96,135.04,192278.213
2025-04-18 02:59:59.999,135.03,136.02,134.5,135.31,151196.386
2025-04-18 03:59:59.999,135.31,135.36,134.27,134.51,103800.625
2025-04-18 04:59:59.999,134.52,134.64,133.65,133.87,115699.503
2025-04-18 05:59:59.999,133.86,134.28,133.26,134.2,94100.8
2025-04-18 06:59:59.999,134.2,134.51,133.4,134.37,88870.782
2025-04-18 07:59:59.999,134.37,135.03,133.79,134.91,103541.242
2025-04-18 08:59:59.999,134.91,135.54,134.45,134.81,125292.011
2025-04-18 09:59:59.999,134.81,135.28,134.3,134.73,62315.086
2025-04-18 10:59:59.999,134.72,134.86,133.56,133.87,93965.708
2025-04-18 11:59:59.999,133.87,134.28,133.7,134.27,106707.002
2025-04-18 12:59:59.999,134.27,135.21,133.83,134.93,221595.936
2025-04-18 13:59:59.999,134.92,135.04,134.08,134.57,222258.913
2025-04-18 14:59:59.999,134.56,134.88,133.02,133.32,212129.339
2025-04-18 15:59:59.999,133.33,133.52,132.47,132.91,176164.052
2025-04-18 16:59:59.999,132.91,133.52,132.69,133.42,59106.169
2025-04-18 17:59:59.999,133.41,134.36,133.06,133.92,56974.796
2025-04-18 18:59:59.999,133.92,134.2,133.55,134.0,53605.202
2025-04-18 19:59:59.999,134.01,134.47,133.73,134.21,52051.106
2025-04-18 20:59:59.999,134.21,134.32,133.48,134.09,37999.644
2025-04-18 21:59:59.999,134.1,134.4,133.78,134.27,37406.546
2025-04-18 22:59:59.999,134.28,134.36,133.92,133.92,36707.601
2025-04-18 23:59:59.999,133.92,134.27,133.23,134.04,51932.952
2025-04-19 00:59:59.999,134.05,134.33,133.58,134.16,55025.807
2025-04-19 01:59:59.999,134.16,135.03,134.08,134.92,77584.376
2025-04-19 02:59:59.999,134.93,138.38,134.83,137.46,459721.276
2025-04-19 03:59:59.999,137.47,139.16,137.33,138.82,280700.573
2025-04-19 04:59:59.999,138.82,139.47,138.26,138.35,146101.224
2025-04-19 05:59:59.999,138.34,138.75,137.88,138.42,81983.691
2025-04-19 06:59:59.999,138.43,138.53,137.78,138.22,56534.361
2025-04-19 07:59:59.999,138.21,139.04,138.21,138.76,94035.587
2025-04-19 08:59:59.999,138.76,139.3,138.47,139.1,98946.602
2025-04-19 09:59:59.999,139.09,139.83,138.9,139.37,152148.684
2025-04-19 10:59:59.999,139.37,139.96,138.81,139.04,118845.693
2025-04-19 11:59:59.999,139.03,139.68,138.53,138.77,91008.893
2025-04-19 12:59:59.999,138.77,139.28,138.51,138.8,78460.411
2025-04-19 13:59:59.999,138.79,139.63,138.52,139.57,65165.087
2025-04-19 14:59:59.999,139.57,139.74,139.26,139.62,75186.26
2025-04-19 15:59:59.999,139.62,140.5,138.57,138.95,188580.687
2025-04-19 16:59:59.999,138.96,139.2,137.7,137.97,201157.265
2025-04-19 17:59:59.999,137.98,139.49,137.67,138.9,223817.834
2025-04-19 18:59:59.999,138.89,139.09,138.43,138.59,40616.607
2025-04-19 19:59:59.999,138.59,138.86,138.23,138.71,43684.354
2025-04-19 20:59:59.999,138.7,139.17,138.34,138.78,50635.134
2025-04-19 21:59:59.999,138.78,139.16,138.6,139.02,53754.591
2025-04-19 22:59:59.999,139.02,139.68,138.83,139.62,38501.336
2025-04-19 23:59:59.999,139.61,139.9,139.1,139.87,43841.735
2025-04-20 00:59:59.999,139.86,141.41,139.4,140.3,213490.393
2025-04-20 01:59:59.999,140.31,141.96,140.2,141.85,100277.761
2025-04-20 02:59:59.999,141.85,141.92,141.24,141.42,64073.434
2025-04-20 03:59:59.999,141.43,141.5,140.57,140.96,73787.807
2025-04-20 04:59:59.999,140.96,141.62,140.64,141.21,67953.795
2025-04-20 05:59:59.999,141.21,141.22,140.72,140.77,49401.527
2025-04-20 06:59:59.999,140.78,141.22,139.72,139.89,125090.432
2025-04-20 07:59:59.999,139.89,139.95,138.6,139.61,177453.358
2025-04-20 08:59:59.999,139.61,139.8,138.67,139.09,105200.164
2025-04-20 09:59:59.999,139.09,139.52,138.81,139.2,98671.181
2025-04-20 10:59:59.999,139.2,139.59,137.8,138.33,141768.508
2025-04-20 11:59:59.999,138.32,138.45,135.82,136.38,1056087.751
2025-04-20 12:59:59.999,136.38,137.46,136.0,136.92,183867.796
2025-04-20 13:59:59.999,136.92,137.47,136.31,137.16,142199.53
2025-04-20 14:59:59.999,137.16,138.03,136.93,137.58,106031.732
2025-04-20 15:59:59.999,137.58,137.59,135.64,135.94,169439.488
2025-04-20 16:59:59.999,135.94,137.03,135.72,136.94,119568.289
2025-04-20 17:59:59.999,136.93,136.99,136.13,136.37,69785.103
2025-04-20 18:59:59.999,136.36,136.75,136.12,136.49,43520.093
2025-04-20 19:59:59.999,136.48,137.25,136.27,137.2,54764.804
2025-04-20 20:59:59.999,137.19,138.5,137.01,137.26,131859.899
2025-04-20 21:59:59.999,137.25,137.53,136.64,137.51,72778.573
2025-04-20 22:59:59.999,137.5,137.52,136.37,136.78,67602.289
2025-04-20 23:59:59.999,136.78,137.9,136.77,137.86,63424.908
2025-04-21 00:59:59.999,137.86,143.25,137.66,141.19,452830.404
2025-04-21 01:59:59.999,141.19,142.21,140.7,141.69,260023.063
2025-04-21 02:59:59.999,141.7,141.89,139.35,140.22,204873.377
2025-04-21 03:59:59.999,140.22,140.63,139.11,139.39,130884.841
2025-04-21 04:59:59.999,139.39,141.22,139.22,141.05,175552.245
2025-04-21 05:59:59.999,141.05,141.85,140.63,140.88,120470.235
2025-04-21 06:59:59.999,140.88,141.44,140.65,140.86,126193.205
2025-04-21 07:59:59.999,140.86,141.1,140.13,140.17,93411.403
2025-04-21 08:59:59.999,140.18,140.82,139.92,140.61,96323.152
2025-04-21 09:59:59.999,140.61,141.14,139.77,140.22,105499.679
2025-04-21 10:59:59.999,140.22,140.31,139.42,140.05,74955.634
2025-04-21 11:59:59.999,140.05,140.09,138.31,138.99,108793.418
2025-04-21 12:59:59.999,138.98,139.55,138.21,138.31,107824.535
2025-04-21 13:59:59.999,138.31,138.58,136.97,137.19,238253.037
2025-04-21 14:59:59.999,137.19,140.11,136.76,139.72,351604.23
2025-04-21 15:59:59.999,139.71,139.84,137.9,138.33,217091.113
2025-04-21 16:59:59.999,138.32,138.81,135.37,135.56,742518.078
2025-04-21 17:59:59.999,135.56,135.56,133.82,134.75,312252.416
2025-04-21 18:59:59.999,134.74,135.54,134.42,135.19,136917.713
2025-04-21 19:59:59.999,135.18,137.18,135.0,136.94,248222.449
2025-04-21 20:59:59.999,136.94,137.43,136.36,137.23,123735.116
2025-04-21 21:59:59.999,137.22,137.23,136.12,136.76,55187.393
2025-04-21 22:59:59.999,136.76,136.82,136.0,136.08,52869.667
2025-04-21 23:59:59.999,136.07,136.82,135.35,136.56,121114.1
2025-04-22 00:59:59.999,136.57,137.24,134.68,137.24,178055.869
2025-04-22 01:59:59.999,137.23,139.59,136.79,139.11,195330.969
2025-04-22 02:59:59.999,139.11,139.69,138.32,139.2,123617.257
2025-04-22 03:59:59.999,139.2,139.87,138.76,139.35,116823.537
2025-04-22 04:59:59.999,139.35,139.58,138.66,138.82,93591.438
2025-04-22 05:59:59.999,138.82,139.65,138.59,139.42,139188.917
2025-04-22 06:59:59.999,139.43,139.79,138.43,139.35,163905.094
2025-04-22 07:59:59.999,139.36,140.62,139.04,140.19,173572.02
2025-04-22 08:59:59.999,140.19,140.68,139.16,139.26,112873.905
2025-04-22 09:59:59.999,139.25,139.84,138.96,139.77,103327.014
2025-04-22 10:59:59.999,139.77,140.2,139.29,139.88,81571.229
2025-04-22 11:59:59.999,139.88,140.77,139.79,140.45,93526.231
2025-04-22 12:59:59.999,140.45,141.95,140.05,141.45,162660.17
2025-04-22 13:59:59.999,141.44,144.08,141.04,143.22,400155.168
2025-04-22 14:59:59.999,143.21,144.88,142.63,144.18,355646.754
2025-04-22 15:59:59.999,144.18,145.52,143.82,145.32,462251.471
2025-04-22 16:59:59.999,145.31,147.71,144.1,144.76,589107.634
2025-04-22 17:59:59.999,144.76,145.17,144.07,144.73,139720.497
2025-04-22 18:59:59.999,144.74,145.21,144.45,144.83,106198.035
2025-04-22 19:59:59.999,144.84,145.2,143.52,144.24,129813.124
2025-04-22 20:59:59.999,144.24,144.81,143.46,144.55,98666.623
2025-04-22 21:59:59.999,144.55,148.8,144.29,147.78,306529.298
2025-04-22 22:59:59.999,147.78,149.59,146.82,149.1,405629.169
2025-04-22 23:59:59.999,149.11,150.23,148.39,148.79,346648.113
2025-04-23 00:59:59.999,148.78,149.43,147.64,147.92,205699.238
2025-04-23 01:59:59.999,147.92,149.04,147.13,147.38,186888.294
2025-04-23 02:59:59.999,147.38,149.06,147.37,148.45,115169.023
2025-04-23 03:59:59.999,148.44,149.47,148.14,149.24,113750.718
2025-04-23 04:59:59.999,149.24,152.04,148.58,151.52,243850.229
2025-04-23 05:59:59.999,151.51,151.54,150.4,150.68,197387.87
2025-04-23 06:59:59.999,150.68,152.3,150.5,150.72,259050.975
2025-04-23 07:59:59.999,150.73,151.82,150.26,151.58,199009.818
2025-04-23 08:59:59.999,151.58,152.86,151.05,152.47,339149.156
2025-04-23 09:59:59.999,152.46,153.74,151.62,151.62,228650.795
2025-04-23 10:59:59.999,151.62,152.86,151.0,152.67,149096.682
2025-04-23 11:59:59.999,152.66,153.03,151.67,152.09,171253.059
2025-04-23 12:59:59.999,152.09,152.47,151.69,152.25,154311.486
2025-04-23 13:59:59.999,152.24,154.21,149.52,150.0,544525.986
2025-04-23 14:59:59.999,150.01,152.38,148.86,151.12,406239.85
2025-04-23 15:59:59.999,151.12,151.66,148.71,151.41,394217.785
2025-04-23 16:59:59.999,151.41,152.19,149.62,151.09,209020.514
2025-04-23 17:59:59.999,151.08,152.16,150.79,151.48,123844.983
2025-04-23 18:59:59.999,151.48,152.49,150.63,150.64,123567.985
2025-04-23 19:59:59.999,150.64,150.74,148.94,150.16,133694.458
2025-04-23 20:59:59.999,150.16,151.25,149.83,150.98,107182.332
2025-04-23 21:59:59.999,150.98,151.25,150.43,150.71,67258.177
2025-04-23 22:59:59.999,150.71,151.58,150.49,151.4,76124.641
2025-04-23 23:59:59.999,151.39,151.82,150.78,151.1,52434.416
2025-04-24 00:59:59.999,151.1,151.45,149.8,150.15,101219.282
2025-04-24 01:59:59.999,150.15,150.72,149.07,150.17,152355.436
2025-04-24 02:59:59.999,150.18,150.75,148.81,148.91,112910.995
2025-04-24 03:59:59.999,148.9,149.68,147.66,147.76,150613.537
2025-04-24 04:59:59.999,147.76,148.62,147.59,148.43,96856.525
2025-04-24 05:59:59.999,148.44,148.83,147.78,148.14,65132.71
2025-04-24 06:59:59.999,148.14,149.17,147.83,148.04,87641.453
2025-04-24 07:59:59.999,148.04,148.81,146.95,147.17,177047.913
2025-04-24 08:59:59.999,147.16,147.71,144.87,146.44,444089.901
2025-04-24 09:59:59.999,146.44,147.14,146.27,146.89,124841.696
2025-04-24 10:59:59.999,146.9,147.3,146.57,147.0,98154.788
2025-04-24 11:59:59.999,147.0,147.8,146.41,147.7,129007.748
2025-04-24 12:59:59.999,147.7,148.62,147.07,148.54,150571.297
2025-04-24 13:59:59.999,148.54,149.52,147.99,148.63,137732.805
2025-04-24 14:59:59.999,148.63,151.06,148.54,149.77,287196.286
2025-04-24 15:59:59.999,149.78,151.46,149.2,149.34,214717.493
2025-04-24 16:59:59.999,149.35,151.69,149.23,151.11,237027.375
2025-04-24 17:59:59.999,151.12,151.69,148.84,150.63,187769.095
2025-04-24 18:59:59.999,150.63,152.45,150.57,151.88,168195.175
2025-04-24 19:59:59.999,151.87,151.97,151.02,151.54,67118.023
2025-04-24 20:59:59.999,151.54,152.28,151.24,151.25,90301.698
2025-04-24 21:59:59.999,151.24,151.51,150.0,150.81,65059.16
2025-04-24 22:59:59.999,150.82,151.44,150.58,150.96,54429.107
2025-04-24 23:59:59.999,150.96,152.9,150.63,152.55,135870.986
2025-04-25 00:59:59.999,152.55,152.85,151.83,152.22,96948.362
2025-04-25 01:59:59.999,152.22,154.5,152.14,152.5,240375.334
2025-04-25 02:59:59.999,152.5,153.17,150.53,150.95,189172.127
2025-04-25 03:59:59.999,150.96,151.82,150.74,151.74,68183.412
2025-04-25 04:59:59.999,151.73,152.5,150.73,150.89,79852.231
2025-04-25 05:59:59.999,150.89,151.95,150.76,151.86,53680.879
2025-04-25 06:59:59.999,151.86,154.0,151.69,153.35,139777.746
2025-04-25 07:59:59.999,153.35,155.0,152.76,154.86,227291.436
2025-04-25 08:59:59.999,154.85,155.02,154.23,154.34,164794.382
2025-04-25 09:59:59.999,154.34,154.47,153.27,154.22,153888.471
2025-04-25 10:59:59.999,154.22,154.98,152.94,152.98,203851.226
2025-04-25 11:59:59.999,152.98,154.76,152.98,154.75,181169.593
2025-04-25 12:59:59.999,154.75,157.0,153.15,153.57,422671.76
2025-04-25 13:59:59.999,153.58,153.99,152.2,153.49,237029.067
2025-04-25 14:59:59.999,153.49,155.96,153.45,154.98,396712.094
2025-04-25 15:59:59.999,154.99,155.29,152.42,152.94,323116.729
2025-04-25 16:59:59.999,152.94,153.18,151.58,152.51,215454.994
2025-04-25 17:59:59.999,152.52,153.24,150.43,150.91,250311.214
2025-04-25 18:59:59.999,150.91,152.07,150.82,151.09,96735.71
2025-04-25 19:59:59.999,151.1,151.68,150.8,151.4,76676.823
2025-04-25 20:59:59.999,151.39,152.37,150.72,151.77,132766.666
2025-04-25 21:59:59.999,151.76,152.5,149.87,150.36,156271.707
2025-04-25 22:59:59.999,150.36,151.33,150.33,151.09,63849.27
2025-04-25 23:59:59.999,151.1,151.45,150.45,150.82,56186.74
2025-04-26 00:59:59.999,150.82,151.79,150.82,151.47,65541.19
2025-04-26 01:59:59.999,151.47,153.17,151.03,152.4,130049.938
2025-04-26 02:59:59.999,152.4,152.53,151.48,151.62,72972.314
2025-04-26 03:59:59.999,151.62,152.13,151.08,151.36,60172.145
2025-04-26 04:59:59.999,151.36,151.61,150.44,150.47,64303.384
2025-04-26 05:59:59.999,150.47,151.28,150.0,151.0,70538.225
2025-04-26 06:59:59.999,151.0,151.97,150.86,151.7,42323.422
2025-04-26 07:59:59.999,151.7,152.35,151.3,151.36,65681.768
2025-04-26 08:59:59.999,151.36,152.33,150.47,150.77,100653.258
2025-04-26 09:59:59.999,150.77,150.78,148.9,149.56,137541.947
2025-04-26 10:59:59.999,149.57,149.8,149.07,149.13,99861.068
2025-04-26 11:59:59.999,149.12,149.37,148.0,148.51,142216.692
2025-04-26 12:59:59.999,148.51,148.99,148.1,148.3,108355.541
2025-04-26 13:59:59.999,148.29,149.05,147.75,149.02,116575.647
2025-04-26 14:59:59.999,149.02,149.1,148.17,148.52,73949.332
2025-04-26 15:59:59.999,148.53,149.58,148.5,149.31,79249.028
2025-04-26 16:59:59.999,149.32,149.46,148.62,149.05,51106.155
2025-04-26 17:59:59.999,149.04,149.43,148.79,149.07,43377.649
2025-04-26 18:59:59.999,149.08,149.14,148.52,148.52,39572.404
2025-04-26 19:59:59.999,148.53,149.27,148.33,149.25,34654.223
2025-04-26 20:59:59.999,149.24,149.43,148.35,148.35,36349.72
2025-04-26 21:59:59.999,148.36,148.93,148.34,148.56,31602.877
2025-04-26 22:59:59.999,148.57,149.66,148.56,149.19,54755.603
2025-04-26 23:59:59.999,149.18,149.37,148.72,149.21,45402.35
2025-04-27 00:59:59.999,149.22,150.41,149.0,149.67,86878.246
2025-04-27 01:59:59.999,149.67,150.24,146.21,146.34,219295.152
2025-04-27 02:59:59.999,146.34,147.83,146.07,147.1,79306.026
2025-04-27 03:59:59.999,147.09,147.56,146.61,147.55,66776.375
2025-04-27 04:59:59.999,147.56,147.88,146.36,146.45,52488.73
2025-04-27 05:59:59.999,146.46,146.91,145.51,146.33,97125.796
2025-04-27 06:59:59.999,146.34,147.07,146.26,147.01,53002.418
2025-04-27 07:59:59.999,147.01,147.78,146.81,147.43,44548.011
2025-04-27 08:59:59.999,147.43,148.65,147.35,148.36,55420.558
2025-04-27 09:59:59.999,148.37,148.65,148.08,148.41,36377.06
2025-04-27 10:59:59.999,148.41,148.63,148.0,148.63,40261.294
2025-04-27 11:59:59.999,148.63,148.77,147.95,147.95,40595.549
2025-04-27 12:59:59.999,147.96,149.03,147.26,147.83,89879.569
2025-04-27 13:59:59.999,147.83,149.38,147.0,149.05,112499.518
2025-04-27 14:59:59.999,149.06,149.75,148.74,148.96,72378.112
2025-04-27 15:59:59.999,148.97,149.63,148.55,149.01,53230.221
2025-04-27 16:59:59.999,149.02,149.53,148.2,148.57,62524.907
2025-04-27 17:59:59.999,148.57,149.28,148.32,149.18,39177.53
2025-04-27 18:59:59.999,149.18,150.25,148.93,149.73,52656.125
2025-04-27 19:59:59.999,149.73,150.09,149.46,150.03,39740.914
2025-04-27 20:59:59.999,150.02,150.1,148.74,148.75,47013.925
2025-04-27 21:59:59.999,148.74,149.73,148.49,149.34,41336.811
2025-04-27 22:59:59.999,149.34,149.34,147.83,148.54,62735.323
2025-04-27 23:59:59.999,148.54,148.68,147.91,147.98,54729.721
2025-04-28 00:59:59.999,147.97,148.52,146.78,147.04,131792.614
2025-04-28 01:59:59.999,147.05,147.39,144.63,144.98,194276.432
2025-04-28 02:59:59.999,144.98,146.23,144.63,146.08,141419.566
2025-04-28 03:59:59.999,146.09,149.6,145.58,148.39,157388.434
2025-04-28 04:59:59.999,148.38,149.54,148.38,148.72,69594.656
2025-04-28 05:59:59.999,148.72,149.85,148.65,149.74,78467.27
2025-04-28 06:59:59.999,149.74,151.37,149.63,150.78,111925.253
2025-04-28 07:59:59.999,150.79,151.5,150.56,151.09,86157.452
2025-04-28 08:59:59.999,151.09,151.81,150.88,151.49,90258.801
2025-04-28 09:59:59.999,151.5,151.92,151.26,151.59,98711.513
2025-04-28 10:59:59.999,151.59,153.4,148.97,152.46,657356.213
2025-04-28 11:59:59.999,152.47,152.91,151.42,151.7,145650.559
2025-04-28 12:59:59.999,151.69,151.84,150.62,150.63,102514.256
2025-04-28 13:59:59.999,150.64,150.97,147.82,148.08,231904.717
2025-04-28 14:59:59.999,148.08,148.87,146.98,147.32,202602.018
2025-04-28 15:59:59.999,147.32,147.63,145.54,146.34,245637.07
2025-04-28 16:59:59.999,146.33,146.75,145.38,146.17,192536.349
2025-04-28 17:59:59.999,146.17,147.24,145.84,147.07,96509.599
2025-04-28 18:59:59.999,147.07,147.07,146.32,146.68,79400.776
2025-04-28 19:59:59.999,146.67,148.88,146.56,148.43,119227.998
2025-04-28 20:59:59.999,148.42,148.45,146.54,147.01,91722.505
2025-04-28 21:59:59.999,147.01,147.76,146.9,147.73,52660.031
2025-04-28 22:59:59.999,147.73,148.22,147.13,147.95,65352.064
2025-04-28 23:59:59.999,147.95,148.33,147.6,147.84,64884.299
2025-04-29 00:59:59.999,147.84,148.62,147.23,148.19,87729.454
2025-04-29 01:59:59.999,148.19,149.21,147.44,148.26,135724.369
2025-04-29 02:59:59.999,148.27,148.39,146.92,147.53,130475.058
2025-04-29 03:59:59.999,147.52,147.79,147.19,147.47,65008.708
2025-04-29 04:59:59.999,147.46,148.05,146.22,146.35,93731.799
2025-04-29 05:59:59.999,146.36,146.8,145.55,146.64,95478.948
2025-04-29 06:59:59.999,146.63,148.25,146.58,147.98,90247.246
2025-04-29 07:59:59.999,147.98,148.96,147.92,148.88,76928.876
2025-04-29 08:59:59.999,148.88,149.5,148.64,149.33,111097.89
2025-04-29 09:59:59.999,149.32,149.44,148.62,149.1,80214.089
2025-04-29 10:59:59.999,149.09,149.24,147.61,148.25,115748.997
2025-04-29 11:59:59.999,148.25,149.15,148.14,149.0,72370.712
2025-04-29 12:59:59.999,148.99,149.24,147.79,147.8,78257.69
2025-04-29 13:59:59.999,147.8,148.04,146.93,147.61,129934.874
2025-04-29 14:59:59.999,147.62,148.38,146.86,148.25,146665.878
2025-04-29 15:59:59.999,148.26,148.5,147.41,148.02,72749.401
2025-04-29 16:59:59.999,148.01,149.75,147.86,148.39,137582.994
2025-04-29 17:59:59.999,148.38,149.08,147.7,148.78,87820.358
2025-04-29 18:59:59.999,148.78,150.39,148.45,149.87,117880.026
2025-04-29 19:59:59.999,149.87,150.3,149.09,149.29,81450.35
2025-04-29 20:59:59.999,149.28,149.52,148.16,148.57,43605.63
2025-04-29 21:59:59.999,148.56,148.83,145.84,147.26,180744.271
2025-04-29 22:59:59.999,147.26,147.26,145.85,146.04,93159.1
2025-04-29 23:59:59.999,146.04,146.69,145.0,146.31,174385.774
2025-04-30 00:59:59.999,146.3,147.07,145.95,146.72,95568.954
2025-04-30 01:59:59.999,146.72,146.79,145.06,146.15,89736.897
2025-04-30 02:59:59.999,146.15,147.3,145.8,146.97,96031.466
2025-04-30 03:59:59.999,146.97,148.67,146.21,148.17,144436.421
2025-04-30 04:59:59.999,148.17,148.38,147.24,147.53,66568.637
2025-04-30 05:59:59.999,147.53,147.57,146.89,147.08,50569.728
2025-04-30 06:59:59.999,147.09,147.86,146.77,147.0,59308.387
2025-04-30 07:59:59.999,147.0,147.32,146.11,146.4,70939.439
2025-04-30 08:59:59.999,146.39,147.0,146.04,146.74,46533.726
2025-04-30 09:59:59.999,146.75,147.49,146.74,147.23,41342.933
2025-04-30 10:59:59.999,147.24,147.72,146.91,147.56,44952.934
2025-04-30 11:59:59.999,147.56,148.0,147.46,147.94,42821.344
2025-04-30 12:59:59.999,147.93,147.99,144.25,144.82,232328.357
2025-04-30 13:59:59.999,144.83,144.96,140.32,140.69,414757.559
2025-04-30 14:59:59.999,140.69,143.37,140.46,141.93,284819.248
2025-04-30 15:59:59.999,141.93,142.95,141.92,142.22,124888.688
2025-04-30 16:59:59.999,142.21,143.24,141.37,143.06,138281.869
2025-04-30 17:59:59.999,143.05,145.06,142.62,144.69,120170.19
2025-04-30 18:59:59.999,144.69,146.06,144.54,145.59,138191.715
2025-04-30 19:59:59.999,145.6,146.05,144.41,145.62,93667.641
2025-04-30 20:59:59.999,145.62,147.4,145.36,147.01,136565.183
2025-04-30 21:59:59.999,147.0,147.55,146.27,146.41,96015.148
2025-04-30 22:59:59.999,146.41,147.45,146.36,147.12,65325.939
2025-04-30 23:59:59.999,147.13,148.12,146.94,147.54,86993.96
2025-05-01 00:59:59.999,147.54,148.45,147.54,147.97,77435.816
2025-05-01 01:59:59.999,147.97,149.03,147.96,148.93,102611.555
2025-05-01 02:59:59.999,148.93,149.62,148.58,148.68,105110.809
2025-05-01 03:59:59.999,148.68,149.24,148.41,148.71,75896.295
2025-05-01 04:59:59.999,148.71,149.03,147.99,148.52,64972.793
2025-05-01 05:59:59.999,148.53,149.46,148.27,149.14,54375.91
2025-05-01 06:59:59.999,149.14,149.28,148.25,148.71,43594.295
2025-05-01 07:59:59.999,148.71,150.25,148.42,149.8,170326.486
2025-05-01 08:59:59.999,149.79,151.0,149.56,150.72,106556.658
2025-05-01 09:59:59.999,150.73,151.86,150.33,151.18,117923.871
2025-05-01 10:59:59.999,151.18,152.2,151.18,152.02,162267.063
2025-05-01 11:59:59.999,152.02,152.47,151.45,151.75,99713.359
2025-05-01 12:59:59.999,151.75,152.28,151.24,152.07,112349.449
2025-05-01 13:59:59.999,152.07,152.55,150.62,150.62,208419.645
2025-05-01 14:59:59.999,150.63,153.18,150.63,153.01,292992.793
2025-05-01 15:59:59.999,153.01,153.99,151.56,151.8,253680.19
2025-05-01 16:59:59.999,151.8,152.86,151.61,151.66,126652.374
2025-05-01 17:59:59.999,151.66,152.73,151.0,151.28,426407.785
2025-05-01 18:59:59.999,151.29,151.38,150.04,151.1,142928.504
2025-05-01 19:59:59.999,151.1,151.15,150.15,150.26,79072.402
2025-05-01 20:59:59.999,150.26,150.79,149.87,150.2,80330.9
2025-05-01 21:59:59.999,150.21,150.96,150.17,150.51,50585.747
2025-05-01 22:59:59.999,150.51,150.73,150.04,150.24,32654.329
2025-05-01 23:59:59.999,150.25,150.9,150.0,150.85,50422.426
2025-05-02 00:59:59.999,150.85,151.7,150.52,151.46,90394.83
2025-05-02 01:59:59.999,151.45,151.72,150.1,150.53,143982.32
2025-05-02 02:59:59.999,150.52,151.0,149.99,150.61,71334.0
2025-05-02 03:59:59.999,150.62,150.91,150.1,150.78,65321.36
2025-05-02 04:59:59.999,150.78,151.05,150.12,150.18,80071.94
2025-05-02 05:59:59.999,150.18,150.35,149.36,149.51,119635.914
2025-05-02 06:59:59.999,149.51,149.75,148.55,148.99,125183.204
2025-05-02 07:59:59.999,148.98,149.18,148.37,148.52,87917.262
2025-05-02 08:59:59.999,148.52,149.62,148.4,149.33,64615.344
2025-05-02 09:59:59.999,149.32,149.81,149.11,149.46,32287.837
2025-05-02 10:59:59.999,149.46,150.29,149.45,149.92,65146.196
2025-05-02 11:59:59.999,149.93,150.81,149.93,150.73,79452.516
2025-05-02 12:59:59.999,150.72,150.99,149.28,150.94,139803.136
2025-05-02 13:59:59.999,150.94,151.0,150.15,150.58,143477.721
2025-05-02 14:59:59.999,150.59,151.91,150.58,151.56,151276.718
2025-05-02 15:59:59.999,151.57,151.77,149.62,149.88,122968.929
2025-05-02 16:59:59.999,149.89,151.43,149.89,150.19,109658.005
2025-05-02 17:59:59.999,150.19,150.31,149.47,149.83,92664.587
2025-05-02 18:59:59.999,149.83,150.5,149.5,149.54,60325.897
2025-05-02 19:59:59.999,149.53,149.53,147.7,148.08,151618.791
2025-05-02 20:59:59.999,148.09,148.4,147.4,148.28,64269.408
2025-05-02 21:59:59.999,148.28,148.65,147.3,147.69,72087.446
2025-05-02 22:59:59.999,147.68,147.92,147.33,147.73,46469.046
2025-05-02 23:59:59.999,147.73,148.12,147.63,148.05,36300.666
2025-05-03 00:59:59.999,148.04,148.47,147.74,148.1,65608.818
2025-05-03 01:59:59.999,148.11,148.22,147.52,148.03,47740.169
2025-05-03 02:59:59.999,148.03,149.0,147.98,148.77,50257.293
2025-05-03 03:59:59.999,148.77,149.05,148.04,148.3,46660.09
2025-05-03 04:59:59.999,148.3,148.58,148.1,148.1,26962.819
2025-05-03 05:59:59.999,148.11,148.18,147.6,147.74,35662.348
2025-05-03 06:59:59.999,147.75,147.91,147.39,147.82,46497.964
2025-05-03 07:59:59.999,147.83,148.16,147.38,148.08,67829.21
2025-05-03 08:59:59.999,148.08,148.4,147.65,147.89,67368.654
2025-05-03 09:59:59.999,147.89,147.98,146.89,147.27,77806.655
2025-05-03 10:59:59.999,147.27,147.64,146.68,146.78,111347.376
2025-05-03 11:59:59.999,146.79,147.39,146.77,147.14,47180.073
2025-05-03 12:59:59.999,147.14,148.12,147.13,148.09,58777.096
2025-05-03 13:59:59.999,148.09,148.56,148.07,148.42,94527.909
2025-05-03 14:59:59.999,148.42,148.84,148.08,148.49,75045.722
2025-05-03 15:59:59.999,148.49,149.0,148.35,148.46,79519.959
2025-05-03 16:59:59.999,148.47,148.47,147.26,147.38,76224.539
2025-05-03 17:59:59.999,147.38,147.38,145.82,146.81,107196.698
2025-05-03 18:59:59.999,146.81,147.38,146.44,146.7,46372.376
2025-05-03 19:59:59.999,146.69,147.48,146.53,147.42,36929.349
2025-05-03 20:59:59.999,147.42,147.77,147.17,147.5,34895.419
2025-05-03 21:59:59.999,147.5,147.91,146.92,147.62,41385.785
2025-05-03 22:59:59.999,147.62,147.74,147.29,147.37,29056.379
2025-05-03 23:59:59.999,147.37,147.37,146.63,146.71,35730.86
2025-05-04 00:59:59.999,146.71,147.09,146.02,146.41,51403.69
2025-05-04 01:59:59.999,146.41,147.22,145.88,147.05,50071.762
2025-05-04 02:59:59.999,147.05,147.71,146.05,146.34,38822.738
2025-05-04 03:59:59.999,146.33,146.33,145.5,145.61,49714.68
2025-05-04 04:59:59.999,145.61,145.93,145.22,145.44,40383.914
2025-05-04 05:59:59.999,145.45,146.54,145.35,146.24,62616.068
2025-05-04 06:59:59.999,146.24,146.37,145.56,145.65,59740.922
2025-05-04 07:59:59.999,145.65,146.01,145.17,145.62,72624.733
2025-05-04 08:59:59.999,145.62,145.96,145.07,145.32,90330.945
2025-05-04 09:59:59.999,145.31,145.32,144.68,144.92,78633.926
2025-05-04 10:59:59.999,144.92,145.57,144.75,145.44,59327.287
2025-05-04 11:59:59.999,145.43,146.01,145.18,145.45,160146.93
2025-05-04 12:59:59.999,145.46,146.07,145.45,145.54,33626.885
2025-05-04 13:59:59.999,145.54,145.84,144.94,145.6,45689.009
2025-05-04 14:59:59.999,145.59,146.68,145.52,146.51,72268.197
2025-05-04 15:59:59.999,146.52,147.27,146.44,146.84,90286.234
2025-05-04 16:59:59.999,146.83,147.15,146.46,146.83,72472.443
2025-05-04 17:59:59.999,146.83,147.36,146.36,147.17,67116.801
2025-05-04 18:59:59.999,147.17,147.81,146.55,146.56,58644.336
2025-05-04 19:59:59.999,146.56,146.8,146.0,146.18,52124.828
2025-05-04 20:59:59.999,146.18,147.14,146.1,146.95,49782.344
2025-05-04 21:59:59.999,146.96,147.1,146.43,147.09,30606.04
2025-05-04 22:59:59.999,147.09,147.14,145.01,145.16,92766.472
2025-05-04 23:59:59.999,145.16,145.23,143.5,143.95,134157.369
2025-05-05 00:59:59.999,143.94,145.44,143.74,145.16,71037.777
2025-05-05 01:59:59.999,145.16,145.23,142.87,143.21,115888.959
2025-05-05 02:59:59.999,143.22,145.05,142.5,144.76,118890.913
2025-05-05 03:59:59.999,144.76,145.3,144.33,144.91,49369.853
2025-05-05 04:59:59.999,144.91,146.52,144.89,146.32,93885.816
2025-05-05 05:59:59.999,146.33,147.14,146.03,147.02,55840.665
2025-05-05 06:59:59.999,147.02,147.36,146.59,146.79,67398.545
2025-05-05 07:59:59.999,146.8,147.23,146.53,146.88,59821.326
2025-05-05 08:59:59.999,146.88,147.05,146.34,146.6,46994.717
2025-05-05 09:59:59.999,146.61,146.78,146.08,146.11,44781.266
2025-05-05 10:59:59.999,146.11,146.19,143.7,144.19,105468.611
2025-05-05 11:59:59.999,144.18,144.63,143.56,144.19,77156.853
2025-05-05 12:59:59.999,144.18,145.0,143.87,144.63,66316.539
2025-05-05 13:59:59.999,144.62,144.92,143.41,144.91,100561.783
2025-05-05 14:59:59.999,144.91,145.42,144.11,144.53,136595.141
2025-05-05 15:59:59.999,144.53,144.79,143.16,143.76,85483.393
2025-05-05 16:59:59.999,143.76,145.43,143.68,145.01,90855.129
2025-05-05 17:59:59.999,145.0,146.05,144.69,145.8,88722.779
2025-05-05 18:59:59.999,145.8,147.14,145.62,146.7,115656.639
2025-05-05 19:59:59.999,146.7,147.08,146.36,146.48,111908.917
2025-05-05 20:59:59.999,146.48,146.6,144.95,145.59,68065.452
2025-05-05 21:59:59.999,145.59,147.02,145.56,146.69,59255.177
2025-05-05 22:59:59.999,146.68,147.73,146.67,147.34,71117.143
2025-05-05 23:59:59.999,147.33,147.57,146.57,146.72,129922.408
2025-05-06 00:59:59.999,146.72,146.83,145.79,146.13,143750.222
2025-05-06 01:59:59.999,146.14,146.45,144.64,144.75,63502.574
2025-05-06 02:59:59.999,144.75,144.99,143.8,144.41,89627.298
2025-05-06 03:59:59.999,144.4,144.83,144.13,144.63,70416.262
2025-05-06 04:59:59.999,144.63,145.03,144.32,144.95,47911.402
2025-05-06 05:59:59.999,144.95,145.26,144.4,144.5,40018.094
2025-05-06 06:59:59.999,144.49,145.35,144.49,145.34,41344.283
2025-05-06 07:59:59.999,145.34,145.88,144.93,145.28,75190.25
2025-05-06 08:59:59.999,145.27,145.28,143.68,144.64,86649.97
2025-05-06 09:59:59.999,144.63,144.63,143.51,144.35,53741.241
2025-05-06 10:59:59.999,144.36,144.36,142.9,143.09,103465.73
2025-05-06 11:59:59.999,143.08,143.65,142.0,142.57,180568.142
2025-05-06 12:59:59.999,142.57,143.13,142.47,142.99,136081.636
2025-05-06 13:59:59.999,142.98,143.04,141.41,141.93,140936.289
2025-05-06 14:59:59.999,141.93,143.96,141.91,142.71,111940.594
2025-05-06 15:59:59.999,142.7,143.94,142.14,143.18,73188.659
2025-05-06 16:59:59.999,143.18,143.88,142.42,142.46,125352.76
2025-05-06 17:59:59.999,142.47,144.37,142.45,143.67,89782.012
2025-05-06 18:59:59.999,143.67,144.89,143.6,144.85,80569.659
2025-05-06 19:59:59.999,144.84,145.28,144.54,144.85,85744.984
2025-05-06 20:59:59.999,144.85,145.03,143.64,144.01,68320.911
2025-05-06 21:59:59.999,144.01,144.65,143.52,144.49,74502.988
2025-05-06 22:59:59.999,144.48,146.79,144.44,146.13,232424.065
2025-05-06 23:59:59.999,146.12,147.23,145.57,146.88,137280.91
2025-05-07 00:59:59.999,146.89,149.2,146.65,149.03,238302.046
2025-05-07 01:59:59.999,149.04,149.54,148.06,148.34,107044.92
2025-05-07 02:59:59.999,148.34,148.62,146.62,146.77,146669.123
2025-05-07 03:59:59.999,146.78,146.83,145.43,146.24,84855.644
2025-05-07 04:59:59.999,146.23,146.77,145.83,146.18,49183.018
2025-05-07 05:59:59.999,146.18,146.26,145.43,145.55,37098.252
2025-05-07 06:59:59.999,145.55,146.28,145.49,146.03,50480.066
2025-05-07 07:59:59.999,146.03,147.32,146.02,147.27,61004.103
2025-05-07 08:59:59.999,147.27,147.96,146.93,147.84,96909.664
2025-05-07 09:59:59.999,147.85,148.29,147.54,147.85,77439.999
2025-05-07 10:59:59.999,147.85,147.94,147.37,147.76,44015.814
2025-05-07 11:59:59.999,147.77,147.84,147.46,147.59,56823.479
2025-05-07 12:59:59.999,147.6,147.74,146.8,147.19,118162.136
2025-05-07 13:59:59.999,147.19,147.43,146.33,146.86,85176.719
2025-05-07 14:59:59.999,146.87,147.53,145.8,146.08,87603.29
2025-05-07 15:59:59.999,146.08,146.34,145.43,145.75,89783.896
2025-05-07 16:59:59.999,145.75,146.45,145.1,146.23,90640.776
2025-05-07 17:59:59.999,146.23,146.65,145.15,145.67,75637.681
2025-05-07 18:59:59.999,145.66,147.34,144.68,146.6,212419.878
2025-05-07 19:59:59.999,146.6,146.87,145.13,145.77,146493.11
2025-05-07 20:59:59.999,145.77,146.37,145.48,146.36,39575.223
2025-05-07 21:59:59.999,146.37,147.88,146.17,147.33,69245.535
2025-05-07 22:59:59.999,147.34,147.99,147.19,147.77,131101.534
2025-05-07 23:59:59.999,147.77,148.35,146.99,147.32,244900.378
2025-05-08 00:59:59.999,147.32,148.9,147.08,148.83,93270.297
2025-05-08 01:59:59.999,148.83,149.99,147.93,148.12,182672.595
2025-05-08 02:59:59.999,148.13,150.32,148.04,149.82,155560.794
2025-05-08 03:59:59.999,149.82,151.19,149.57,150.87,154814.474
2025-05-08 04:59:59.999,150.88,151.97,150.76,150.87,357819.218
2025-05-08 05:59:59.999,150.87,151.33,149.97,150.16,234057.151
2025-05-08 06:59:59.999,150.15,150.73,150.1,150.62,69556.494
2025-05-08 07:59:59.999,150.63,151.95,150.55,151.57,124874.183
2025-05-08 08:59:59.999,151.57,153.34,151.53,152.84,176545.961
2025-05-08 09:59:59.999,152.85,154.89,152.53,154.64,161631.718
2025-05-08 10:59:59.999,154.64,155.28,154.37,154.88,191985.856
2025-05-08 11:59:59.999,154.87,154.97,153.71,154.57,165342.732
2025-05-08 12:59:59.999,154.57,155.85,154.18,154.58,182071.181
2025-05-08 13:59:59.999,154.57,155.67,154.49,154.97,151152.683
2025-05-08 14:59:59.999,154.98,158.65,154.26,157.07,458789.293
2025-05-08 15:59:59.999,157.07,163.18,156.93,160.24,1011500.759
2025-05-08 16:59:59.999,160.23,161.07,159.43,159.97,282552.977
2025-05-08 17:59:59.999,159.97,160.26,158.52,158.71,339710.4
2025-05-08 18:59:59.999,158.71,160.38,158.71,159.94,319305.271
2025-05-08 19:59:59.999,159.94,160.75,159.7,160.53,163018.898
2025-05-08 20:59:59.999,160.54,163.45,159.75,162.85,249654.604
2025-05-08 21:59:59.999,162.85,164.0,160.18,160.95,455812.493
2025-05-08 22:59:59.999,160.96,161.66,160.37,161.46,133310.608
2025-05-08 23:59:59.999,161.47,164.6,161.1,164.46,225611.978
2025-05-09 00:59:59.999,164.46,164.46,162.35,162.39,184290.039
2025-05-09 01:59:59.999,162.38,163.66,162.01,163.56,154011.83
2025-05-09 02:59:59.999,163.56,163.58,162.19,162.52,160895.668
2025-05-09 03:59:59.999,162.51,163.35,161.34,161.37,145645.765
2025-05-09 04:59:59.999,161.37,162.03,161.07,161.86,106738.796
2025-05-09 05:59:59.999,161.87,162.87,161.73,162.86,99929.378
2025-05-09 06:59:59.999,162.87,164.3,162.47,164.27,183586.982
2025-05-09 07:59:59.999,164.26,166.91,164.07,165.08,436283.644
2025-05-09 08:59:59.999,165.08,169.9,164.76,166.37,742512.137
2025-05-09 09:59:59.999,166.38,167.98,164.3,166.45,345755.566
2025-05-09 10:59:59.999,166.45,174.67,166.17,173.98,599517.607
2025-05-09 11:59:59.999,173.97,176.15,171.24,172.32,679855.419
2025-05-09 12:59:59.999,172.33,172.82,169.59,172.51,417279.31
2025-05-09 13:59:59.999,172.51,173.44,170.84,172.7,238850.602
2025-05-09 14:59:59.999,172.7,172.7,167.36,169.33,450129.435
2025-05-09 15:59:59.999,169.33,171.75,168.51,170.75,322012.307
2025-05-09 16:59:59.999,170.76,170.93,168.59,169.05,231689.925
2025-05-09 17:59:59.999,169.06,172.2,168.67,171.97,234115.966
2025-05-09 18:59:59.999,171.96,172.5,171.18,171.74,99291.628
2025-05-09 19:59:59.999,171.75,172.58,170.71,171.89,107896.332
2025-05-09 20:59:59.999,171.9,173.02,171.54,173.0,79436.822
2025-05-09 21:59:59.999,173.0,173.04,171.15,172.64,134976.813
2025-05-09 22:59:59.999,172.64,173.57,172.1,173.32,73269.391
2025-05-09 23:59:59.999,173.33,173.81,172.36,172.78,90603.287
2025-05-10 00:59:59.999,172.77,175.19,170.66,171.39,206851.657
2025-05-10 01:59:59.999,171.38,172.52,171.21,171.7,106066.473
2025-05-10 02:59:59.999,171.7,172.66,171.27,172.14,79559.913
2025-05-10 03:59:59.999,172.13,172.18,171.08,171.59,56965.775
2025-05-10 04:59:59.999,171.59,171.59,170.14,170.85,84775.606
2025-05-10 05:59:59.999,170.86,171.3,169.76,171.2,77031.518
2025-05-10 06:59:59.999,171.2,172.32,171.09,172.1,116763.254
2025-05-10 07:59:59.999,172.1,172.54,171.21,172.32,108745.883
2025-05-10 08:59:59.999,172.32,173.4,171.18,171.63,197212.605
2025-05-10 09:59:59.999,171.64,172.05,170.55,171.68,169361.784
2025-05-10 10:59:59.999,171.68,172.29,170.29,170.3,137176.446
2025-05-10 11:59:59.999,170.3,170.71,168.72,169.0,167295.751
2025-05-10 12:59:59.999,169.0,171.35,169.0,171.16,145103.843
2025-05-10 13:59:59.999,171.16,172.0,170.98,171.72,89167.983
2025-05-10 14:59:59.999,171.72,172.03,170.28,171.69,85052.438
2025-05-10 15:59:59.999,171.7,171.84,170.92,171.07,95722.235
2025-05-10 16:59:59.999,171.07,172.46,170.86,171.85,113882.961
2025-05-10 17:59:59.999,171.84,173.83,171.53,171.8,230293.432
2025-05-10 18:59:59.999,171.8,172.5,171.11,172.5,98262.173
2025-05-10 19:59:59.999,172.5,172.78,171.57,172.22,81137.596
2025-05-10 20:59:59.999,172.22,172.95,171.41,172.7,135644.882
2025-05-10 21:59:59.999,172.7,174.5,172.38,174.12,127140.258
2025-05-10 22:59:59.999,174.12,175.11,172.98,174.98,172966.108
2025-05-10 23:59:59.999,174.97,178.98,174.57,177.89,457520.605
2025-05-11 00:59:59.999,177.89,179.65,172.92,179.16,499067.262
2025-05-11 01:59:59.999,179.16,180.26,175.56,176.97,392538.767
2025-05-11 02:59:59.999,176.96,177.86,174.72,175.82,168603.848
2025-05-11 03:59:59.999,175.83,176.73,174.9,175.86,91146.506
2025-05-11 04:59:59.999,175.86,177.7,175.76,177.26,102573.245
2025-05-11 05:59:59.999,177.27,177.58,176.11,176.18,68082.962
2025-05-11 06:59:59.999,176.18,176.26,173.8,174.76,144129.353
2025-05-11 07:59:59.999,174.75,174.75,172.29,172.6,161552.955
2025-05-11 08:59:59.999,172.61,173.96,172.58,173.0,110915.779
2025-05-11 09:59:59.999,172.99,175.04,172.81,174.41,86944.049
2025-05-11 10:59:59.999,174.41,174.8,173.3,174.63,60770.632
2025-05-11 11:59:59.999,174.63,174.88,173.97,174.76,62299.662
2025-05-11 12:59:59.999,174.76,175.22,173.59,174.06,109254.666
2025-05-11 13:59:59.999,174.06,174.66,170.86,170.93,183193.123
2025-05-11 14:59:59.999,170.94,172.13,170.83,171.91,130071.572
2025-05-11 15:59:59.999,171.9,172.95,169.35,170.48,160320.329
2025-05-11 16:59:59.999,170.48,171.74,169.4,170.54,111817.25
2025-05-11 17:59:59.999,170.53,171.93,170.2,171.9,120343.36
2025-05-11 18:59:59.999,171.89,173.26,170.83,172.67,115148.996
2025-05-11 19:59:59.999,172.67,173.43,172.19,172.73,72222.446
2025-05-11 20:59:59.999,172.72,172.81,171.68,172.34,62462.755
2025-05-11 21:59:59.999,172.34,173.26,171.64,173.16,50216.246
2025-05-11 22:59:59.999,173.16,173.85,171.26,171.95,94768.846
2025-05-11 23:59:59.999,171.95,173.25,171.88,173.19,52284.911
2025-05-12 00:59:59.999,173.2,175.77,173.07,174.52,137115.426
2025-05-12 01:59:59.999,174.51,176.07,171.74,173.73,185866.898
2025-05-12 02:59:59.999,173.74,176.88,172.81,173.99,249324.593
2025-05-12 03:59:59.999,174.0,174.9,173.03,174.9,126636.159
2025-05-12 04:59:59.999,174.9,176.11,174.1,175.85,196558.282
2025-05-12 05:59:59.999,175.85,176.17,173.63,174.54,131386.44
2025-05-12 06:59:59.999,174.53,176.0,173.79,175.73,130614.364
2025-05-12 07:59:59.999,175.74,179.79,174.85,176.09,939201.699
2025-05-12 08:59:59.999,176.08,177.01,173.64,176.56,313494.178
2025-05-12 09:59:59.999,176.57,176.94,175.5,175.68,159765.984
2025-05-12 10:59:59.999,175.68,176.17,174.78,175.97,144533.072
2025-05-12 11:59:59.999,175.96,176.43,173.79,174.11,173950.345
2025-05-12 12:59:59.999,174.1,176.92,174.0,176.38,211260.685
2025-05-12 13:59:59.999,176.37,180.68,175.78,179.31,555350.665
2025-05-12 14:59:59.999,179.31,181.46,175.29,175.84,703774.809
2025-05-12 15:59:59.999,175.84,177.2,174.07,174.4,370811.778
2025-05-12 16:59:59.999,174.39,176.32,173.24,175.96,310942.35
2025-05-12 17:59:59.999,175.95,176.67,171.77,172.11,243653.443
2025-05-12 18:59:59.999,172.11,172.71,168.31,170.44,379612.388
2025-05-12 19:59:59.999,170.44,171.64,169.71,171.22,198153.741
2025-05-12 20:59:59.999,171.22,172.83,170.41,172.27,109595.306
2025-05-12 21:59:59.999,172.27,172.95,171.91,172.69,93976.124
2025-05-12 22:59:59.999,172.69,174.66,172.12,173.71,101809.016
2025-05-12 23:59:59.999,173.71,174.81,173.62,174.22,78345.232
2025-05-13 00:59:59.999,174.22,174.38,171.57,171.69,126474.255
2025-05-13 01:59:59.999,171.69,172.58,169.61,171.06,174997.084
2025-05-13 02:59:59.999,171.07,171.43,168.16,169.01,232149.743
2025-05-13 03:59:59.999,169.01,169.66,166.94,166.97,192066.711
2025-05-13 04:59:59.999,166.98,170.06,166.18,169.89,183468.478
2025-05-13 05:59:59.999,169.88,170.4,168.81,169.83,92313.921
2025-05-13 06:59:59.999,169.84,171.8,169.84,171.16,125606.752
2025-05-13 07:59:59.999,171.16,172.44,171.02,171.49,130067.569
2025-05-13 08:59:59.999,171.49,172.85,170.93,172.54,108788.764
2025-05-13 09:59:59.999,172.54,174.03,172.32,173.73,131213.998
2025-05-13 10:59:59.999,173.74,174.33,173.02,174.06,87799.031
2025-05-13 11:59:59.999,174.06,175.15,173.65,174.0,116650.083
2025-05-13 12:59:59.999,174.0,175.58,172.93,174.21,299937.683
2025-05-13 13:59:59.999,174.21,175.8,173.66,174.35,220453.426
2025-05-13 14:59:59.999,174.35,174.55,172.11,173.26,233082.869
2025-05-13 15:59:59.999,173.25,176.31,173.13,176.09,215051.212
2025-05-13 16:59:59.999,176.08,178.01,175.72,176.59,292858.358
2025-05-13 17:59:59.999,176.58,179.0,176.46,178.32,231656.279
2025-05-13 18:59:59.999,178.33,179.22,177.95,179.07,154672.418
2025-05-13 19:59:59.999,179.07,184.45,178.25,182.05,505277.821
2025-05-13 20:59:59.999,182.05,183.42,180.35,183.13,242358.651
2025-05-13 21:59:59.999,183.13,183.33,181.68,182.71,111464.415
2025-05-13 22:59:59.999,182.72,183.24,182.18,182.94,104698.638
2025-05-13 23:59:59.999,182.95,184.83,182.34,183.75,273935.239
2025-05-14 00:59:59.999,183.75,184.05,181.7,182.09,206791.498
2025-05-14 01:59:59.999,182.09,184.88,182.01,182.88,234647.928
2025-05-14 02:59:59.999,182.89,183.09,179.11,180.48,290207.416
2025-05-14 03:59:59.999,180.48,180.74,179.15,180.28,160461.341
2025-05-14 04:59:59.999,180.28,182.04,179.86,181.65,107589.853
2025-05-14 05:59:59.999,181.65,183.26,181.01,182.8,123255.105
2025-05-14 06:59:59.999,182.8,183.99,182.39,183.7,133815.89
2025-05-14 07:59:59.999,183.7,183.86,180.6,181.72,172595.196
2025-05-14 08:59:59.999,181.73,182.62,178.22,178.45,295997.501
2025-05-14 09:59:59.999,178.45,179.87,177.57,179.79,171874.899
2025-05-14 10:59:59.999,179.78,181.19,179.29,179.39,129275.364
2025-05-14 11:59:59.999,179.38,181.95,179.38,181.06,110958.144
2025-05-14 12:59:59.999,181.06,181.89,179.84,180.28,129241.862
2025-05-14 13:59:59.999,180.28,181.08,177.37,178.94,276353.617
2025-05-14 14:59:59.999,178.94,178.98,176.5,176.99,206822.743
2025-05-14 15:59:59.999,177.0,177.4,175.6,177.35,153703.075
2025-05-14 16:59:59.999,177.34,177.68,174.92,175.94,146243.933
2025-05-14 17:59:59.999,175.95,176.08,173.23,175.88,164467.605
2025-05-14 18:59:59.999,175.89,176.76,175.14,176.68,83782.218
2025-05-14 19:59:59.999,176.68,177.62,176.38,177.06,88352.935
2025-05-14 20:59:59.999,177.07,177.43,176.61,176.82,53302.486
2025-05-14 21:59:59.999,176.81,177.69,175.77,177.49,59234.444
2025-05-14 22:59:59.999,177.49,177.57,175.31,176.07,65018.758
2025-05-14 23:59:59.999,176.08,176.86,175.22,176.64,55161.442
2025-05-15 00:59:59.999,176.63,178.33,176.6,177.65,97252.295
2025-05-15 01:59:59.999,177.66,177.89,174.11,174.62,152797.067
2025-05-15 02:59:59.999,174.62,176.46,174.3,175.89,105522.769
2025-05-15 03:59:59.999,175.9,176.3,174.06,174.06,70511.735
2025-05-15 04:59:59.999,174.06,175.29,173.84,174.98,70216.776
2025-05-15 05:59:59.999,174.97,175.06,172.74,173.16,106336.55
2025-05-15 06:59:59.999,173.17,174.46,172.87,173.17,92883.181
2025-05-15 07:59:59.999,173.17,173.56,169.76,170.4,246192.932
2025-05-15 08:59:59.999,170.4,173.06,170.15,172.81,140455.933
2025-05-15 09:59:59.999,172.8,172.81,169.56,170.76,114983.538
2025-05-15 10:59:59.999,170.75,170.95,168.67,170.01,141943.578
2025-05-15 11:59:59.999,170.01,171.5,169.81,171.09,94153.825
2025-05-15 12:59:59.999,171.08,172.84,170.24,170.98,196510.662
2025-05-15 13:59:59.999,170.99,171.97,168.15,169.75,218299.585
2025-05-15 14:59:59.999,169.75,170.68,166.98,169.55,330885.12
2025-05-15 15:59:59.999,169.55,172.55,168.76,172.23,221638.99
2025-05-15 16:59:59.999,172.23,173.99,170.81,173.99,165508.247
2025-05-15 17:59:59.999,173.99,174.49,172.77,173.11,157639.689
2025-05-15 18:59:59.999,173.1,173.31,169.25,169.55,170619.242
2025-05-15 19:59:59.999,169.55,170.83,167.72,169.76,136957.18
2025-05-15 20:59:59.999,169.77,170.66,168.55,169.65,133375.661
2025-05-15 21:59:59.999,169.65,169.75,166.7,169.04,149947.094
2025-05-15 22:59:59.999,169.04,170.35,168.21,168.24,84959.001
2025-05-15 23:59:59.999,168.23,169.58,167.0,169.16,146447.074
2025-05-16 00:59:59.999,169.16,172.19,168.69,170.27,192845.146
2025-05-16 01:59:59.999,170.28,172.03,168.95,171.9,150419.809
2025-05-16 02:59:59.999,171.89,173.68,171.87,172.67,160767.774
2025-05-16 03:59:59.999,172.67,173.0,171.89,172.62,97668.444
2025-05-16 04:59:59.999,172.62,173.2,170.98,171.92,99105.574
2025-05-16 05:59:59.999,171.93,173.52,171.93,172.92,60516.418
2025-05-16 06:59:59.999,172.93,173.14,172.27,172.43,63573.598
2025-05-16 07:59:59.999,172.44,173.04,171.51,172.13,102527.801
2025-05-16 08:59:59.999,172.13,172.43,169.35,170.11,134479.199
2025-05-16 09:59:59.999,170.11,172.8,170.11,172.66,92767.709
2025-05-16 10:59:59.999,172.67,173.5,172.0,173.2,129810.33
2025-05-16 11:59:59.999,173.2,174.21,172.43,172.81,113209.458
2025-05-16 12:59:59.999,172.82,173.4,172.13,172.14,98176.452
2025-05-16 13:59:59.999,172.14,174.2,171.89,173.81,133354.546
2025-05-16 14:59:59.999,173.81,173.81,170.85,171.52,187928.75
2025-05-16 15:59:59.999,171.52,173.25,171.51,172.08,153207.243
2025-05-16 16:59:59.999,172.09,172.72,170.03,171.07,101811.516
2025-05-16 17:59:59.999,171.07,172.22,169.95,170.38,73957.431
2025-05-16 18:59:59.999,170.38,171.36,169.73,170.32,105036.696
2025-05-16 19:59:59.999,170.31,171.53,169.82,171.44,57722.269
2025-05-16 20:59:59.999,171.43,171.43,168.82,169.6,98973.236
2025-05-16 21:59:59.999,169.6,170.3,168.62,169.05,74202.663
2025-05-16 22:59:59.999,169.05,169.08,166.36,167.44,184799.995
2025-05-16 23:59:59.999,167.44,168.47,167.05,167.4,99524.614
2025-05-17 00:59:59.999,167.4,168.3,165.52,166.83,221484.257
2025-05-17 01:59:59.999,166.82,166.82,164.01,165.13,233204.132
2025-05-17 02:59:59.999,165.13,167.02,164.17,166.61,158596.743
2025-05-17 03:59:59.999,166.6,168.65,165.35,168.26,105169.65
2025-05-17 04:59:59.999,168.26,169.53,167.93,168.88,76691.514
2025-05-17 05:59:59.999,168.88,169.16,166.97,167.5,114712.566
2025-05-17 06:59:59.999,167.51,169.33,167.51,169.09,56580.578
2025-05-17 07:59:59.999,169.1,169.99,167.95,168.55,60754.867
2025-05-17 08:59:59.999,168.55,169.38,168.01,168.05,79785.284
2025-05-17 09:59:59.999,168.05,168.83,167.0,167.74,116025.858
2025-05-17 10:59:59.999,167.73,168.7,167.06,167.52,67326.253
2025-05-17 11:59:59.999,167.53,168.13,166.71,167.6,45536.43
2025-05-17 12:59:59.999,167.6,168.08,167.13,167.23,49925.017
2025-05-17 13:59:59.999,167.24,167.63,165.82,166.47,67993.12
2025-05-17 14:59:59.999,166.46,168.1,166.45,168.01,78320.572
2025-05-17 15:59:59.999,168.02,168.23,167.31,167.31,50755.417
2025-05-17 16:59:59.999,167.31,167.52,164.4,165.24,117854.747
2025-05-17 17:59:59.999,165.24,166.78,164.9,165.73,76617.121
2025-05-17 18:59:59.999,165.73,167.05,165.64,165.75,106906.325
2025-05-17 19:59:59.999,165.75,166.34,165.0,165.25,54581.308
2025-05-17 20:59:59.999,165.25,167.93,164.72,167.5,106266.307
2025-05-17 21:59:59.999,167.5,167.69,166.66,167.02,60178.287
2025-05-17 22:59:59.999,167.02,167.07,164.36,165.29,95510.384
2025-05-17 23:59:59.999,165.29,166.11,164.74,165.94,61344.969
2025-05-18 00:59:59.999,165.94,167.44,165.85,167.25,83610.682
2025-05-18 01:59:59.999,167.25,167.8,166.08,167.24,59679.731
2025-05-18 02:59:59.999,167.25,167.62,166.54,167.01,49714.19
2025-05-18 03:59:59.999,167.01,167.9,166.53,166.9,64055.567
2025-05-18 04:59:59.999,166.91,168.63,166.88,168.53,47546.291
2025-05-18 05:59:59.999,168.53,170.14,168.53,169.92,99584.998
2025-05-18 06:59:59.999,169.93,169.97,169.02,169.29,85217.425
2025-05-18 07:59:59.999,169.29,170.72,169.13,170.68,59445.2
2025-05-18 08:59:59.999,170.68,172.0,170.67,171.18,121048.972
2025-05-18 09:59:59.999,171.18,171.54,170.56,171.02,71081.749
2025-05-18 10:59:59.999,171.01,171.58,170.66,171.38,35853.445
2025-05-18 11:59:59.999,171.37,171.7,170.71,170.79,46187.558
2025-05-18 12:59:59.999,170.78,171.69,170.2,171.68,56888.822
2025-05-18 13:59:59.999,171.68,172.95,171.44,172.83,95958.096
2025-05-18 14:59:59.999,172.83,174.88,172.32,174.36,196059.169
2025-05-18 15:59:59.999,174.36,176.67,173.62,176.26,215154.252
2025-05-18 16:59:59.999,176.26,176.77,174.93,175.85,203755.483
2025-05-18 17:59:59.999,175.85,175.87,172.13,172.25,199759.13
2025-05-18 18:59:59.999,172.25,172.39,168.94,170.26,320026.933
2025-05-18 19:59:59.999,170.25,170.69,166.51,166.65,233386.946
2025-05-18 20:59:59.999,166.64,167.4,164.54,167.16,352442.901
2025-05-18 21:59:59.999,167.16,168.95,167.16,167.57,93912.069
2025-05-18 22:59:59.999,167.57,170.18,166.16,170.09,153945.269
2025-05-18 23:59:59.999,170.1,174.28,169.02,173.3,250296.058
2025-05-19 00:59:59.999,173.3,173.94,167.63,168.06,364596.583
2025-05-19 01:59:59.999,168.06,168.73,166.5,167.83,178480.79
2025-05-19 02:59:59.999,167.83,168.53,165.96,166.83,137815.586
2025-05-19 03:59:59.999,166.83,167.0,165.0,165.35,152807.692
2025-05-19 04:59:59.999,165.35,166.84,162.54,163.46,360038.75
2025-05-19 05:59:59.999,163.45,163.76,162.29,162.7,196219.294
2025-05-19 06:59:59.999,162.71,163.38,159.44,159.66,271713.605
2025-05-19 07:59:59.999,159.65,162.45,159.44,161.89,242102.999
2025-05-19 08:59:59.999,161.9,162.4,160.81,161.52,122923.035
2025-05-19 09:59:59.999,161.52,162.64,160.44,161.65,182371.055
2025-05-19 10:59:59.999,161.65,162.06,160.75,161.69,78369.851
2025-05-19 11:59:59.999,161.69,162.7,161.17,162.19,67023.342
2025-05-19 12:59:59.999,162.19,162.3,160.16,160.91,120388.194
2025-05-19 13:59:59.999,160.92,163.63,160.59,162.68,281778.159
2025-05-19 14:59:59.999,162.67,164.11,161.65,163.73,165195.352
2025-05-19 15:59:59.999,163.72,164.76,163.3,164.21,136961.39
2025-05-19 16:59:59.999,164.2,165.75,162.78,165.73,180014.306
2025-05-19 17:59:59.999,165.72,167.39,165.02,165.55,204746.708
2025-05-19 18:59:59.999,165.55,166.08,163.7,164.83,140681.562
2025-05-19 19:59:59.999,164.84,166.92,164.37,166.61,130339.289
2025-05-19 20:59:59.999,166.6,167.8,165.58,165.91,133592.69
2025-05-19 21:59:59.999,165.92,166.75,165.26,166.67,128693.993
2025-05-19 22:59:59.999,166.66,166.66,165.14,165.78,45349.389
2025-05-19 23:59:59.999,165.77,167.03,165.68,166.86,54149.13
2025-05-20 00:59:59.999,166.87,169.43,166.78,167.11,202880.323
2025-05-20 01:59:59.999,167.11,170.74,166.92,169.92,215807.844
2025-05-20 02:59:59.999,169.92,173.11,169.92,170.61,343189.169
2025-05-20 03:59:59.999,170.6,170.8,168.29,169.19,177787.687
2025-05-20 04:59:59.999,169.18,170.63,168.48,170.03,134406.263
2025-05-20 05:59:59.999,170.02,170.64,169.23,169.25,81535.712
2025-05-20 06:59:59.999,169.24,169.6,167.71,168.38,112575.391
2025-05-20 07:59:59.999,168.37,168.48,167.08,167.34,110095.269
2025-05-20 08:59:59.999,167.35,168.03,166.19,167.76,168689.945
2025-05-20 09:59:59.999,167.76,168.14,167.12,167.3,64878.379
2025-05-20 10:59:59.999,167.31,167.67,165.57,166.34,102501.06
2025-05-20 11:59:59.999,166.35,166.77,165.23,166.47,76855.96
2025-05-20 12:59:59.999,166.46,166.51,165.14,166.04,76844.215
2025-05-20 13:59:59.999,166.04,166.52,164.8,165.37,137217.463
2025-05-20 14:59:59.999,165.36,166.72,164.51,165.61,123428.621
2025-05-20 15:59:59.999,165.6,167.36,165.52,166.64,128077.484
2025-05-20 16:59:59.999,166.63,167.17,165.24,165.53,89709.712
2025-05-20 17:59:59.999,165.54,168.28,165.44,167.89,107938.302
2025-05-20 18:59:59.999,167.9,167.99,164.56,164.92,150950.929
2025-05-20 19:59:59.999,164.92,169.13,164.6,168.17,144421.55
2025-05-20 20:59:59.999,168.16,169.24,166.92,168.48,140931.793
2025-05-20 21:59:59.999,168.47,169.38,166.88,168.07,91477.863
2025-05-20 22:59:59.999,168.07,168.45,166.26,167.81,64858.115
2025-05-20 23:59:59.999,167.81,169.19,167.61,168.59,88361.377
2025-05-21 00:59:59.999,168.59,169.11,167.57,168.11,95539.417
2025-05-21 01:59:59.999,168.11,169.19,167.85,168.4,77961.803
2025-05-21 02:59:59.999,168.4,168.97,166.78,168.79,154366.441
2025-05-21 03:59:59.999,168.79,170.92,168.66,169.97,236499.056
2025-05-21 04:59:59.999,169.97,171.39,169.1,170.28,163195.623
2025-05-21 05:59:59.999,170.28,171.76,170.24,170.68,143338.419
2025-05-21 06:59:59.999,170.68,171.63,169.76,171.02,134015.441
2025-05-21 07:59:59.999,171.02,171.37,168.32,168.85,147591.836
2025-05-21 08:59:59.999,168.85,169.64,168.08,168.08,83466.694
2025-05-21 09:59:59.999,168.09,168.59,167.35,167.76,83620.329
2025-05-21 10:59:59.999,167.77,168.59,167.5,168.15,59667.457
2025-05-21 11:59:59.999,168.15,169.64,168.0,169.34,66650.164
2025-05-21 12:59:59.999,169.33,170.29,168.71,169.35,66650.456
2025-05-21 13:59:59.999,169.34,170.41,168.37,169.5,129447.518
2025-05-21 14:59:59.999,169.5,172.79,169.01,172.76,258742.732
2025-05-21 15:59:59.999,172.76,173.65,171.09,172.17,426973.666
2025-05-21 16:59:59.999,172.17,174.95,171.38,173.21,240579.551
2025-05-21 17:59:59.999,173.21,173.99,165.51,167.13,718327.671
2025-05-21 18:59:59.999,167.13,169.62,166.3,167.88,242184.301
2025-05-21 19:59:59.999,167.89,171.55,167.21,171.14,166679.482
2025-05-21 20:59:59.999,171.14,171.36,169.19,169.72,130541.133
2025-05-21 21:59:59.999,169.72,170.81,169.12,170.13,59776.25
2025-05-21 22:59:59.999,170.12,172.3,169.74,171.69,137049.372
2025-05-21 23:59:59.999,171.7,175.99,171.12,173.53,377745.588
2025-05-22 00:59:59.999,173.54,174.98,173.27,174.92,232401.4
2025-05-22 01:59:59.999,174.93,175.77,172.59,173.25,186153.446
2025-05-22 02:59:59.999,173.26,174.91,173.09,174.44,133327.378
2025-05-22 03:59:59.999,174.45,177.52,173.87,176.82,277585.405
2025-05-22 04:59:59.999,176.83,177.45,175.82,176.91,193878.687
2025-05-22 05:59:59.999,176.9,177.77,175.71,175.86,152370.126
2025-05-22 06:59:59.999,175.87,176.56,175.26,175.91,138338.538
2025-05-22 07:59:59.999,175.91,178.79,175.5,178.49,173849.931
2025-05-22 08:59:59.999,178.49,179.82,178.02,179.79,249627.791
2025-05-22 09:59:59.999,179.78,180.87,179.13,179.69,249152.562
2025-05-22 10:59:59.999,179.68,179.79,178.09,178.2,132376.721
2025-05-22 11:59:59.999,178.2,178.85,177.16,178.08,136069.605
2025-05-22 12:59:59.999,178.07,178.84,177.46,178.67,114645.381
2025-05-22 13:59:59.999,178.67,179.1,176.94,177.25,202172.574
2025-05-22 14:59:59.999,177.24,179.65,177.19,178.77,219510.119
2025-05-22 15:59:59.999,178.77,179.89,178.54,179.02,116041.682
2025-05-22 16:59:59.999,179.03,180.36,177.93,178.37,136654.766
2025-05-22 17:59:59.999,178.36,179.92,177.97,179.07,91000.824
2025-05-22 18:59:59.999,179.06,179.97,178.52,179.32,84258.843
2025-05-22 19:59:59.999,179.32,179.5,177.5,177.85,105378.259
2025-05-22 20:59:59.999,177.86,178.73,177.59,178.54,81974.416
2025-05-22 21:59:59.999,178.55,178.55,177.31,178.08,52306.498
2025-05-22 22:59:59.999,178.09,179.35,178.02,178.1,83367.826
2025-05-22 23:59:59.999,178.11,180.02,178.11,179.68,65780.084
2025-05-23 00:59:59.999,179.68,181.87,179.28,180.72,254102.492
2025-05-23 01:59:59.999,180.73,183.58,180.35,183.14,231325.563
2025-05-23 02:59:59.999,183.14,185.4,183.14,183.76,384074.582
2025-05-23 03:59:59.999,183.76,185.4,183.72,185.0,141600.041
2025-05-23 04:59:59.999,185.01,185.32,181.94,182.64,174957.029
2025-05-23 05:59:59.999,182.63,183.05,181.33,181.94,168181.285
2025-05-23 06:59:59.999,181.94,182.02,179.99,180.84,197737.401
2025-05-23 07:59:59.999,180.84,183.12,180.83,182.55,141170.805
2025-05-23 08:59:59.999,182.56,186.84,182.56,186.19,306373.066
2025-05-23 09:59:59.999,186.18,187.71,185.86,186.84,183903.382
2025-05-23 10:59:59.999,186.84,187.18,185.53,185.93,152508.794
2025-05-23 11:59:59.999,185.94,186.15,177.1,177.91,571861.097
2025-05-23 12:59:59.999,177.91,180.72,173.29,176.93,902261.084
2025-05-23 13:59:59.999,176.92,180.4,175.59,180.15,396183.277
2025-05-23 14:59:59.999,180.15,183.76,179.12,182.21,309016.872
2025-05-23 15:59:59.999,182.22,183.26,180.59,180.66,268277.912
2025-05-23 16:59:59.999,180.67,182.25,179.0,181.2,297912.285
2025-05-23 17:59:59.999,181.2,182.15,180.65,181.45,118862.662
2025-05-23 18:59:59.999,181.45,181.74,178.41,178.87,151416.738
2025-05-23 19:59:59.999,178.87,180.14,178.72,179.14,90458.06
2025-05-23 20:59:59.999,179.13,179.26,176.85,177.24,126455.879
2025-05-23 21:59:59.999,177.24,178.54,176.41,177.15,169796.288
2025-05-23 22:59:59.999,177.15,178.07,175.45,175.67,138269.574
2025-05-23 23:59:59.999,175.67,176.01,173.23,174.01,236204.608
2025-05-24 00:59:59.999,174.0,175.31,172.5,172.75,213023.078
2025-05-24 01:59:59.999,172.75,174.78,172.6,173.81,118933.508
2025-05-24 02:59:59.999,173.8,175.1,173.24,174.91,91821.378
2025-05-24 03:59:59.999,174.91,176.02,174.39,175.11,143330.546
2025-05-24 04:59:59.999,175.11,176.28,174.6,176.1,94875.252
2025-05-24 05:59:59.999,176.09,176.39,174.5,175.18,97584.741
2025-05-24 06:59:59.999,175.17,175.5,173.6,174.58,122906.494
2025-05-24 07:59:59.999,174.57,175.41,173.46,173.92,81408.134
2025-05-24 08:59:59.999,173.93,175.0,173.24,174.94,85501.223
2025-05-24 09:59:59.999,174.95,175.92,174.76,175.34,91014.221
2025-05-24 10:59:59.999,175.33,177.73,175.06,177.41,157757.813
2025-05-24 11:59:59.999,177.42,178.33,176.77,176.9,159476.038
2025-05-24 12:59:59.999,176.89,177.13,176.0,176.54,90143.523
2025-05-24 13:59:59.999,176.55,176.76,175.05,175.34,117793.336
2025-05-24 14:59:59.999,175.34,177.0,175.18,176.7,54328.318
2025-05-24 15:59:59.999,176.71,177.06,175.77,176.31,71727.65
2025-05-24 16:59:59.999,176.32,176.7,175.31,176.38,75871.578
2025-05-24 17:59:59.999,176.39,177.45,176.38,176.85,70279.217
2025-05-24 18:59:59.999,176.85,177.68,176.72,176.79,50234.188
2025-05-24 19:59:59.999,176.79,177.56,176.63,177.14,49791.024
2025-05-24 20:59:59.999,177.14,177.91,176.88,177.78,40274.15
2025-05-24 21:59:59.999,177.78,177.83,176.31,177.33,62990.972
2025-05-24 22:59:59.999,177.33,177.34,175.86,176.12,80590.86
2025-05-24 23:59:59.999,176.12,176.51,175.35,175.87,96307.779
2025-05-25 00:59:59.999,175.87,176.88,171.71,172.31,250481.874
2025-05-25 01:59:59.999,172.3,172.71,170.66,171.54,186977.273
2025-05-25 02:59:59.999,171.55,172.66,170.36,172.39,119433.664
2025-05-25 03:59:59.999,172.38,174.02,172.28,173.64,99054.325
2025-05-25 04:59:59.999,173.64,174.36,172.64,174.32,67015.506
2025-05-25 05:59:59.999,174.32,174.41,173.38,174.02,60258.824
2025-05-25 06:59:59.999,174.02,174.03,173.13,173.45,45509.462
2025-05-25 07:59:59.999,173.44,173.46,171.88,172.34,78213.383
2025-05-25 08:59:59.999,172.35,172.36,170.13,170.8,134610.502
2025-05-25 09:59:59.999,170.81,172.18,170.27,172.06,211425.03
2025-05-25 10:59:59.999,172.05,172.26,170.9,171.17,86363.478
2025-05-25 11:59:59.999,171.18,172.03,171.05,171.98,77428.648
2025-05-25 12:59:59.999,171.99,172.66,171.42,172.6,76415.554
2025-05-25 13:59:59.999,172.59,172.64,171.0,171.99,124709.724
2025-05-25 14:59:59.999,171.98,172.36,170.33,171.07,80378.678
2025-05-25 15:59:59.999,171.07,171.39,169.14,170.29,172025.885
2025-05-25 16:59:59.999,170.29,170.43,169.18,170.08,95574.09
2025-05-25 17:59:59.999,170.07,171.14,170.07,170.95,60005.865
2025-05-25 18:59:59.999,170.96,171.88,170.72,171.65,64206.657
2025-05-25 19:59:59.999,171.64,172.77,171.55,172.52,57224.858
2025-05-25 20:59:59.999,172.53,172.59,171.54,171.93,50933.361
2025-05-25 21:59:59.999,171.92,172.63,170.96,171.51,44613.678
2025-05-25 22:59:59.999,171.52,174.93,171.35,174.89,175225.629
2025-05-25 23:59:59.999,174.89,175.91,173.84,175.74,112277.911
2025-05-26 00:59:59.999,175.75,177.65,175.04,177.56,186703.842
2025-05-26 01:59:59.999,177.56,177.83,176.1,176.54,159026.527
2025-05-26 02:59:59.999,176.54,177.12,175.68,176.06,91999.954
2025-05-26 03:59:59.999,176.07,177.64,175.96,177.01,123846.096
2025-05-26 04:59:59.999,177.02,177.32,176.6,177.18,56481.018
2025-05-26 05:59:59.999,177.18,177.99,177.15,177.61,90342.111
2025-05-26 06:59:59.999,177.62,178.21,177.24,177.96,108995.072
2025-05-26 07:59:59.999,177.97,179.02,177.2,178.16,121672.484
2025-05-26 08:59:59.999,178.15,178.36,177.18,177.39,81761.764
2025-05-26 09:59:59.999,177.4,177.92,176.64,176.82,70393.178
2025-05-26 10:59:59.999,176.81,177.33,176.42,176.76,72735.071
2025-05-26 11:59:59.999,176.76,178.0,176.46,177.91,76718.615
2025-05-26 12:59:59.999,177.91,178.53,177.23,178.17,74812.502
2025-05-26 13:59:59.999,178.17,178.76,176.04,176.69,114705.236
2025-05-26 14:59:59.999,176.69,177.41,175.89,176.71,93231.725
2025-05-26 15:59:59.999,176.72,178.8,176.27,177.49,111849.037
2025-05-26 16:59:59.999,177.49,178.06,175.18,175.65,136537.687
2025-05-26 17:59:59.999,175.64,176.21,173.76,173.98,119000.539
2025-05-26 18:59:59.999,173.98,175.04,173.48,174.19,66413.03
2025-05-26 19:59:59.999,174.19,174.56,173.7,174.05,48356.802
2025-05-26 20:59:59.999,174.05,175.39,173.64,175.38,73812.126
2025-05-26 21:59:59.999,175.38,175.56,174.3,175.04,42144.031
2025-05-26 22:59:59.999,175.04,176.04,174.0,174.2,53555.57
2025-05-26 23:59:59.999,174.2,175.0,173.9,174.91,39630.779
2025-05-27 00:59:59.999,174.92,175.79,174.01,174.13,53163.575
2025-05-27 01:59:59.999,174.13,174.13,171.24,172.09,222802.03
2025-05-27 02:59:59.999,172.09,173.17,171.77,172.35,91961.501
2025-05-27 03:59:59.999,172.34,174.1,172.34,173.51,75004.671
2025-05-27 04:59:59.999,173.5,174.24,172.97,173.17,54749.467
2025-05-27 05:59:59.999,173.17,173.99,172.5,173.59,56750.525
2025-05-27 06:59:59.999,173.59,175.27,173.56,173.59,114912.744
2025-05-27 07:59:59.999,173.6,175.9,173.59,175.46,83746.663
2025-05-27 08:59:59.999,175.47,176.61,175.34,175.85,111590.985
2025-05-27 09:59:59.999,175.84,176.06,175.01,175.89,69010.039
2025-05-27 10:59:59.999,175.89,176.3,175.7,176.16,53882.759
2025-05-27 11:59:59.999,176.16,177.17,175.48,176.8,91415.224
2025-05-27 12:59:59.999,176.8,177.4,176.28,177.02,81802.03
2025-05-27 13:59:59.999,177.02,179.41,176.76,177.68,340040.871
2025-05-27 14:59:59.999,177.68,178.4,175.02,177.2,223567.371
2025-05-27 15:59:59.999,177.2,178.72,176.65,178.44,138867.371
2025-05-27 16:59:59.999,178.45,179.1,177.52,178.18,110895.916
2025-05-27 17:59:59.999,178.17,179.3,177.94,178.41,147758.439
2025-05-27 18:59:59.999,178.41,179.16,177.97,178.55,77954.126
2025-05-27 19:59:59.999,178.55,179.29,177.43,177.5,84712.131
2025-05-27 20:59:59.999,177.51,178.64,177.17,178.02,61893.512
2025-05-27 21:59:59.999,178.02,178.26,175.93,176.39,89000.759
2025-05-27 22:59:59.999,176.4,177.0,175.42,176.63,88791.471
2025-05-27 23:59:59.999,176.63,177.02,176.1,176.71,44235.188
2025-05-28 00:59:59.999,176.72,177.4,175.86,177.24,68894.432
2025-05-28 01:59:59.999,177.25,177.45,175.2,175.47,77166.074
2025-05-28 02:59:59.999,175.46,175.46,174.38,174.62,151917.658
2025-05-28 03:59:59.999,174.62,175.29,174.22,175.12,80563.012
2025-05-28 04:59:59.999,175.13,175.33,174.33,174.9,49298.744
2025-05-28 05:59:59.999,174.91,175.18,174.5,174.6,58875.114
2025-05-28 06:59:59.999,174.6,174.61,173.7,173.92,56497.341
